id,sema_day,loose,primary,source_row_present
621e2e8e67b776a24055b564,0,True,True,True
621e2e8e67b776a24055b564,1,True,True,True
621e2e8e67b776a24055b564,2,True,True,True
621e2e8e67b776a24055b564,3,True,True,True
621e2e8e67b776a24055b564,4,True,True,True
621e2e8e67b776a24055b564,5,True,True,True
621e2e8e67b776a24055b564,6,True,True,True
621e2e8e67b776a24055b564,7,True,True,True
621e2e8e67b776a24055b564,8,True,True,True
621e2e8e67b776a24055b564,9,True,True,True
621e2e8e67b776a24055b564,10,True,True,True
621e2e8e67b776a24055b564,11,True,True,True
621e2e8e67b776a24055b564,12,True,True,True
621e2e8e67b776a24055b564,13,True,True,True
621e2e8e67b776a24055b564,14,True,True,True
621e2e8e67b776a24055b564,15,True,True,True
621e2e8e67b776a24055b564,16,True,True,True
621e2e8e67b776a24055b564,17,True,True,True
621e2e8e67b776a24055b564,18,True,True,True
621e2e8e67b776a24055b564,19,True,True,True
621e2e8e67b776a24055b564,20,True,True,True
621e2e8e67b776a24055b564,21,True,True,True
621e2e8e67b776a24055b564,22,True,True,True
621e2e8e67b776a24055b564,23,True,True,True
621e2e8e67b776a24055b564,24,True,True,True
621e2e8e67b776a24055b564,25,True,True,True
621e2e8e67b776a24055b564,26,True,True,True
621e2e8e67b776a24055b564,27,True,True,True
621e2e8e67b776a24055b564,28,True,True,True
621e2e8e67b776a24055b564,29,True,True,True
621e2e8e67b776a24055b564,30,True,True,True
621e2e8e67b776a24055b564,31,True,True,True
621e2e8e67b776a24055b564,32,True,True,True
621e2e8e67b776a24055b564,33,True,True,True
621e2e8e67b776a24055b564,34,True,True,True
621e2e8e67b776a24055b564,35,True,True,True
621e2e8e67b776a24055b564,36,True,True,True
621e2e8e67b776a24055b564,37,True,True,True
621e2e8e67b776a24055b564,38,True,True,True
621e2e8e67b776a24055b564,39,True,True,True
621e2e8e67b776a24055b564,40,True,True,True
621e2e8e67b776a24055b564,41,True,True,True
621e2e8e67b776a24055b564,42,True,True,True
621e2e8e67b776a24055b564,43,True,True,True
621e2e8e67b776a24055b564,44,True,True,True
621e2e8e67b776a24055b564,45,True,True,True
621e2e8e67b776a24055b564,46,True,True,True
621e2e8e67b776a24055b564,47,True,True,True
621e2e8e67b776a24055b564,48,True,True,True
621e2ed667b776a24085d8d1,0,True,True,True
621e2ed667b776a24085d8d1,1,True,True,True
621e2ed667b776a24085d8d1,2,True,True,True
621e2ed667b776a24085d8d1,3,True,True,True
621e2ed667b776a24085d8d1,4,True,True,True
621e2ed667b776a24085d8d1,5,True,True,True
621e2ed667b776a24085d8d1,6,True,True,True
621e2ed667b776a24085d8d1,7,True,True,True
621e2ed667b776a24085d8d1,8,True,True,True
621e2ed667b776a24085d8d1,9,True,True,True
621e2ed667b776a24085d8d1,10,True,True,True
621e2ed667b776a24085d8d1,11,True,True,True
621e2ed667b776a24085d8d1,12,True,True,True
621e2ed667b776a24085d8d1,13,True,True,True
621e2ed667b776a24085d8d1,14,True,True,True
621e2ed667b776a24085d8d1,15,True,True,True
621e2ed667b776a24085d8d1,16,True,True,True
621e2ed667b776a24085d8d1,17,True,True,True
621e2ed667b776a24085d8d1,18,True,True,True
621e2ed667b776a24085d8d1,19,True,True,True
621e2ed667b776a24085d8d1,20,True,True,True
621e2ed667b776a24085d8d1,21,True,True,True
621e2ed667b776a24085d8d1,22,True,True,True
621e2ed667b776a24085d8d1,23,True,True,True
621e2ed667b776a24085d8d1,24,True,True,True
621e2ed667b776a24085d8d1,25,True,True,True
621e2ed667b776a24085d8d1,26,True,True,True
621e2ed667b776a24085d8d1,27,True,True,True
621e2ed667b776a24085d8d1,28,True,True,True
621e2ed667b776a24085d8d1,29,True,True,True
621e2ed667b776a24085d8d1,30,True,True,True
621e2ed667b776a24085d8d1,31,True,True,True
621e2ed667b776a24085d8d1,32,True,True,True
621e2ed667b776a24085d8d1,33,True,True,True
621e2ed667b776a24085d8d1,34,True,True,True
621e2ed667b776a24085d8d1,35,True,True,True
621e2ed667b776a24085d8d1,36,True,True,True
621e2ed667b776a24085d8d1,37,True,True,True
621e2ed667b776a24085d8d1,38,True,True,True
621e2ed667b776a24085d8d1,39,True,True,True
621e2ed667b776a24085d8d1,40,True,True,True
621e2ed667b776a24085d8d1,41,True,True,True
621e2ed667b776a24085d8d1,42,True,True,True
621e2ed667b776a24085d8d1,43,True,True,True
621e2ed667b776a24085d8d1,44,True,True,True
621e2ed667b776a24085d8d1,45,True,True,True
621e2ed667b776a24085d8d1,46,True,True,True
621e2ed667b776a24085d8d1,47,True,True,True
621e2ed667b776a24085d8d1,48,True,True,True
621e2f1b67b776a240b3d87c,0,True,True,True
621e2f1b67b776a240b3d87c,1,True,True,True
621e2f1b67b776a240b3d87c,2,True,True,True
621e2f1b67b776a240b3d87c,3,True,True,True
621e2f1b67b776a240b3d87c,4,True,True,True
621e2f1b67b776a240b3d87c,5,True,True,True
621e2f1b67b776a240b3d87c,6,True,True,True
621e2f1b67b776a240b3d87c,7,True,True,True
621e2f1b67b776a240b3d87c,8,True,True,True
621e2f1b67b776a240b3d87c,9,True,True,True
621e2f1b67b776a240b3d87c,10,True,True,True
621e2f1b67b776a240b3d87c,11,True,True,True
621e2f1b67b776a240b3d87c,12,True,True,True
621e2f1b67b776a240b3d87c,13,True,True,True
621e2f1b67b776a240b3d87c,14,True,True,True
621e2f1b67b776a240b3d87c,15,True,True,True
621e2f1b67b776a240b3d87c,16,True,True,True
621e2f1b67b776a240b3d87c,17,True,True,True
621e2f1b67b776a240b3d87c,18,True,True,True
621e2f1b67b776a240b3d87c,19,True,True,True
621e2f1b67b776a240b3d87c,20,True,True,True
621e2f1b67b776a240b3d87c,21,True,True,True
621e2f1b67b776a240b3d87c,22,True,True,True
621e2f1b67b776a240b3d87c,23,False,False,True
621e2f1b67b776a240b3d87c,24,True,True,True
621e2f1b67b776a240b3d87c,25,True,True,True
621e2f1b67b776a240b3d87c,26,True,True,True
621e2f1b67b776a240b3d87c,27,True,True,True
621e2f1b67b776a240b3d87c,28,True,True,True
621e2f1b67b776a240b3d87c,29,True,True,True
621e2f1b67b776a240b3d87c,30,True,True,True
621e2f1b67b776a240b3d87c,31,True,True,True
621e2f1b67b776a240b3d87c,32,True,True,True
621e2f1b67b776a240b3d87c,33,True,True,True
621e2f1b67b776a240b3d87c,34,True,True,True
621e2f1b67b776a240b3d87c,35,True,True,True
621e2f1b67b776a240b3d87c,36,True,True,True
621e2f1b67b776a240b3d87c,37,True,True,True
621e2f1b67b776a240b3d87c,38,True,True,True
621e2f1b67b776a240b3d87c,39,True,True,True
621e2f1b67b776a240b3d87c,40,True,True,True
621e2f1b67b776a240b3d87c,41,True,True,True
621e2f1b67b776a240b3d87c,42,True,True,True
621e2f1b67b776a240b3d87c,43,True,True,True
621e2f1b67b776a240b3d87c,44,True,True,True
621e2f1b67b776a240b3d87c,45,True,True,True
621e2f1b67b776a240b3d87c,46,True,True,True
621e2f1b67b776a240b3d87c,47,True,True,True
621e2f1b67b776a240b3d87c,48,True,True,True
621e2f3967b776a240c654db,0,True,True,True
621e2f3967b776a240c654db,1,True,True,True
621e2f3967b776a240c654db,2,True,True,True
621e2f3967b776a240c654db,3,True,True,True
621e2f3967b776a240c654db,4,True,True,True
621e2f3967b776a240c654db,5,True,True,True
621e2f3967b776a240c654db,6,True,True,True
621e2f3967b776a240c654db,7,True,True,True
621e2f3967b776a240c654db,8,True,True,True
621e2f3967b776a240c654db,9,True,True,True
621e2f3967b776a240c654db,10,True,True,True
621e2f3967b776a240c654db,11,True,True,True
621e2f3967b776a240c654db,12,True,True,True
621e2f3967b776a240c654db,13,True,True,True
621e2f3967b776a240c654db,14,True,True,True
621e2f3967b776a240c654db,15,True,True,True
621e2f3967b776a240c654db,16,True,True,True
621e2f3967b776a240c654db,17,True,True,True
621e2f3967b776a240c654db,18,True,True,True
621e2f3967b776a240c654db,19,True,True,True
621e2f3967b776a240c654db,20,True,True,True
621e2f3967b776a240c654db,21,True,True,True
621e2f3967b776a240c654db,22,True,True,True
621e2f3967b776a240c654db,23,True,True,True
621e2f3967b776a240c654db,24,True,True,True
621e2f3967b776a240c654db,25,True,True,True
621e2f3967b776a240c654db,26,True,True,True
621e2f3967b776a240c654db,27,True,True,True
621e2f3967b776a240c654db,28,True,True,True
621e2f3967b776a240c654db,29,True,True,True
621e2f3967b776a240c654db,30,True,True,True
621e2f3967b776a240c654db,31,True,True,True
621e2f3967b776a240c654db,32,True,True,True
621e2f3967b776a240c654db,33,True,True,True
621e2f3967b776a240c654db,34,True,True,True
621e2f3967b776a240c654db,35,True,True,True
621e2f3967b776a240c654db,36,True,True,True
621e2f3967b776a240c654db,37,True,True,True
621e2f3967b776a240c654db,38,True,True,True
621e2f3967b776a240c654db,39,True,True,True
621e2f3967b776a240c654db,40,True,True,True
621e2f3967b776a240c654db,41,True,True,True
621e2f3967b776a240c654db,42,True,True,True
621e2f3967b776a240c654db,43,True,True,True
621e2f3967b776a240c654db,44,True,True,True
621e2f3967b776a240c654db,45,True,True,True
621e2f3967b776a240c654db,46,True,True,True
621e2f3967b776a240c654db,47,True,True,True
621e2f3967b776a240c654db,48,True,True,True
621e2f5767b776a240d8f9d6,0,True,True,True
621e2f5767b776a240d8f9d6,1,True,True,True
621e2f5767b776a240d8f9d6,2,True,True,True
621e2f5767b776a240d8f9d6,3,True,True,True
621e2f5767b776a240d8f9d6,4,True,True,True
621e2f5767b776a240d8f9d6,5,True,True,True
621e2f5767b776a240d8f9d6,6,True,True,True
621e2f5767b776a240d8f9d6,7,True,True,True
621e2f5767b776a240d8f9d6,8,True,True,True
621e2f5767b776a240d8f9d6,9,True,True,True
621e2f5767b776a240d8f9d6,10,True,False,True
621e2f5767b776a240d8f9d6,11,True,True,True
621e2f5767b776a240d8f9d6,12,True,True,True
621e2f5767b776a240d8f9d6,13,True,True,True
621e2f5767b776a240d8f9d6,14,True,True,True
621e2f5767b776a240d8f9d6,15,True,True,True
621e2f5767b776a240d8f9d6,16,True,True,True
621e2f5767b776a240d8f9d6,17,True,True,True
621e2f5767b776a240d8f9d6,18,True,True,True
621e2f5767b776a240d8f9d6,19,True,True,True
621e2f5767b776a240d8f9d6,20,True,True,True
621e2f5767b776a240d8f9d6,21,True,True,True
621e2f5767b776a240d8f9d6,22,True,False,True
621e2f5767b776a240d8f9d6,23,True,False,True
621e2f5767b776a240d8f9d6,24,False,False,True
621e2f5767b776a240d8f9d6,25,False,False,True
621e2f5767b776a240d8f9d6,26,False,False,True
621e2f5767b776a240d8f9d6,27,False,False,True
621e2f5767b776a240d8f9d6,28,False,False,True
621e2f5767b776a240d8f9d6,29,False,False,True
621e2f5767b776a240d8f9d6,30,False,False,True
621e2f5767b776a240d8f9d6,31,False,False,True
621e2f5767b776a240d8f9d6,32,False,False,True
621e2f5767b776a240d8f9d6,33,False,False,True
621e2f5767b776a240d8f9d6,34,False,False,True
621e2f5767b776a240d8f9d6,35,False,False,True
621e2f5767b776a240d8f9d6,36,False,False,True
621e2f5767b776a240d8f9d6,37,False,False,True
621e2f5767b776a240d8f9d6,38,False,False,True
621e2f5767b776a240d8f9d6,39,False,False,True
621e2f5767b776a240d8f9d6,40,False,False,True
621e2f5767b776a240d8f9d6,41,False,False,True
621e2f5767b776a240d8f9d6,42,False,False,True
621e2f5767b776a240d8f9d6,43,False,False,True
621e2f5767b776a240d8f9d6,44,False,False,True
621e2f5767b776a240d8f9d6,45,False,False,True
621e2f5767b776a240d8f9d6,46,False,False,True
621e2f5767b776a240d8f9d6,47,False,False,True
621e2f5767b776a240d8f9d6,48,False,False,True
621e2f6167b776a240e082a9,0,True,True,True
621e2f6167b776a240e082a9,1,True,True,True
621e2f6167b776a240e082a9,2,True,True,True
621e2f6167b776a240e082a9,3,True,True,True
621e2f6167b776a240e082a9,4,True,True,True
621e2f6167b776a240e082a9,5,True,True,True
621e2f6167b776a240e082a9,6,True,True,True
621e2f6167b776a240e082a9,7,True,True,True
621e2f6167b776a240e082a9,8,True,True,True
621e2f6167b776a240e082a9,9,True,True,True
621e2f6167b776a240e082a9,10,True,True,True
621e2f6167b776a240e082a9,11,True,False,True
621e2f6167b776a240e082a9,12,True,True,True
621e2f6167b776a240e082a9,13,True,True,True
621e2f6167b776a240e082a9,14,True,True,True
621e2f6167b776a240e082a9,15,True,True,True
621e2f6167b776a240e082a9,16,True,True,True
621e2f6167b776a240e082a9,17,True,True,True
621e2f6167b776a240e082a9,18,True,True,True
621e2f6167b776a240e082a9,19,True,True,True
621e2f6167b776a240e082a9,20,True,True,True
621e2f6167b776a240e082a9,21,True,True,True
621e2f6167b776a240e082a9,22,True,True,True
621e2f6167b776a240e082a9,23,True,True,True
621e2f6167b776a240e082a9,24,True,False,True
621e2f6167b776a240e082a9,25,True,True,True
621e2f6167b776a240e082a9,26,True,True,True
621e2f6167b776a240e082a9,27,True,True,True
621e2f6167b776a240e082a9,28,True,True,True
621e2f6167b776a240e082a9,29,True,True,True
621e2f6167b776a240e082a9,30,True,True,True
621e2f6167b776a240e082a9,31,True,True,True
621e2f6167b776a240e082a9,32,True,True,True
621e2f6167b776a240e082a9,33,True,True,True
621e2f6167b776a240e082a9,34,True,True,True
621e2f6167b776a240e082a9,35,True,True,True
621e2f6167b776a240e082a9,36,True,True,True
621e2f6167b776a240e082a9,37,True,True,True
621e2f6167b776a240e082a9,38,True,True,True
621e2f6167b776a240e082a9,39,True,True,True
621e2f6167b776a240e082a9,40,True,True,True
621e2f6167b776a240e082a9,41,True,True,True
621e2f6167b776a240e082a9,42,False,False,True
621e2f6167b776a240e082a9,43,False,False,True
621e2f6167b776a240e082a9,44,False,False,True
621e2f6167b776a240e082a9,45,True,True,True
621e2f6167b776a240e082a9,46,True,True,True
621e2f6167b776a240e082a9,47,True,True,True
621e2f6167b776a240e082a9,48,True,True,True
621e2f7a67b776a240f14425,0,True,True,True
621e2f7a67b776a240f14425,1,True,True,True
621e2f7a67b776a240f14425,2,True,True,True
621e2f7a67b776a240f14425,3,True,True,True
621e2f7a67b776a240f14425,4,True,True,True
621e2f7a67b776a240f14425,5,True,True,True
621e2f7a67b776a240f14425,6,True,True,True
621e2f7a67b776a240f14425,7,True,True,True
621e2f7a67b776a240f14425,8,True,True,True
621e2f7a67b776a240f14425,9,True,True,True
621e2f7a67b776a240f14425,10,True,True,True
621e2f7a67b776a240f14425,11,True,True,True
621e2f7a67b776a240f14425,12,True,True,True
621e2f7a67b776a240f14425,13,True,True,True
621e2f7a67b776a240f14425,14,True,True,True
621e2f7a67b776a240f14425,15,True,True,True
621e2f7a67b776a240f14425,16,True,True,True
621e2f7a67b776a240f14425,17,True,True,True
621e2f7a67b776a240f14425,18,True,True,True
621e2f7a67b776a240f14425,19,True,True,True
621e2f7a67b776a240f14425,20,True,True,True
621e2f7a67b776a240f14425,21,True,True,True
621e2f7a67b776a240f14425,22,True,True,True
621e2f7a67b776a240f14425,23,True,True,True
621e2f7a67b776a240f14425,24,True,True,True
621e2f7a67b776a240f14425,25,True,True,True
621e2f7a67b776a240f14425,26,True,True,True
621e2f7a67b776a240f14425,27,True,True,True
621e2f7a67b776a240f14425,28,True,False,True
621e2f7a67b776a240f14425,29,True,True,True
621e2f7a67b776a240f14425,30,True,True,True
621e2f7a67b776a240f14425,31,True,True,True
621e2f7a67b776a240f14425,32,False,False,True
621e2f7a67b776a240f14425,33,True,True,True
621e2f7a67b776a240f14425,34,True,True,True
621e2f7a67b776a240f14425,35,True,True,True
621e2f7a67b776a240f14425,36,True,True,True
621e2f7a67b776a240f14425,37,True,True,True
621e2f7a67b776a240f14425,38,True,True,True
621e2f7a67b776a240f14425,39,True,True,True
621e2f7a67b776a240f14425,40,True,True,True
621e2f7a67b776a240f14425,41,True,True,True
621e2f7a67b776a240f14425,42,True,True,True
621e2f7a67b776a240f14425,43,True,True,True
621e2f7a67b776a240f14425,44,True,True,True
621e2f7a67b776a240f14425,45,True,False,True
621e2f7a67b776a240f14425,46,True,True,True
621e2f7a67b776a240f14425,47,True,True,True
621e2f7a67b776a240f14425,48,True,True,True
621e2f9167b776a240011ccb,0,True,True,True
621e2f9167b776a240011ccb,1,True,True,True
621e2f9167b776a240011ccb,2,True,True,True
621e2f9167b776a240011ccb,3,True,True,True
621e2f9167b776a240011ccb,4,True,True,True
621e2f9167b776a240011ccb,5,True,True,True
621e2f9167b776a240011ccb,6,True,True,True
621e2f9167b776a240011ccb,7,True,True,True
621e2f9167b776a240011ccb,8,True,True,True
621e2f9167b776a240011ccb,9,True,True,True
621e2f9167b776a240011ccb,10,True,True,True
621e2f9167b776a240011ccb,11,True,True,True
621e2f9167b776a240011ccb,12,True,True,True
621e2f9167b776a240011ccb,13,True,True,True
621e2f9167b776a240011ccb,14,True,True,True
621e2f9167b776a240011ccb,15,True,True,True
621e2f9167b776a240011ccb,16,True,True,True
621e2f9167b776a240011ccb,17,True,True,True
621e2f9167b776a240011ccb,18,True,True,True
621e2f9167b776a240011ccb,19,True,True,True
621e2f9167b776a240011ccb,20,True,True,True
621e2f9167b776a240011ccb,21,True,True,True
621e2f9167b776a240011ccb,22,True,True,True
621e2f9167b776a240011ccb,23,True,True,True
621e2f9167b776a240011ccb,24,True,True,True
621e2f9167b776a240011ccb,25,True,True,True
621e2f9167b776a240011ccb,26,True,True,True
621e2f9167b776a240011ccb,27,True,True,True
621e2f9167b776a240011ccb,28,True,True,True
621e2f9167b776a240011ccb,29,True,True,True
621e2f9167b776a240011ccb,30,True,True,True
621e2f9167b776a240011ccb,31,True,True,True
621e2f9167b776a240011ccb,32,True,True,True
621e2f9167b776a240011ccb,33,True,True,True
621e2f9167b776a240011ccb,34,True,True,True
621e2f9167b776a240011ccb,35,True,True,True
621e2f9167b776a240011ccb,36,True,True,True
621e2f9167b776a240011ccb,37,True,True,True
621e2f9167b776a240011ccb,38,True,True,True
621e2f9167b776a240011ccb,39,True,True,True
621e2f9167b776a240011ccb,40,True,True,True
621e2f9167b776a240011ccb,41,True,True,True
621e2f9167b776a240011ccb,42,True,True,True
621e2f9167b776a240011ccb,43,True,True,True
621e2f9167b776a240011ccb,44,True,True,True
621e2f9167b776a240011ccb,45,True,True,True
621e2f9167b776a240011ccb,46,True,True,True
621e2f9167b776a240011ccb,47,True,True,True
621e2f9167b776a240011ccb,48,True,True,True
621e2fb367b776a24015accd,0,True,True,True
621e2fb367b776a24015accd,1,True,True,True
621e2fb367b776a24015accd,2,True,True,True
621e2fb367b776a24015accd,3,True,True,True
621e2fb367b776a24015accd,4,True,True,True
621e2fb367b776a24015accd,5,True,True,True
621e2fb367b776a24015accd,6,True,True,True
621e2fb367b776a24015accd,7,True,True,True
621e2fb367b776a24015accd,8,True,True,True
621e2fb367b776a24015accd,9,True,True,True
621e2fb367b776a24015accd,10,True,True,True
621e2fb367b776a24015accd,11,True,True,True
621e2fb367b776a24015accd,12,True,True,True
621e2fb367b776a24015accd,13,True,True,True
621e2fb367b776a24015accd,14,True,True,True
621e2fb367b776a24015accd,15,True,False,True
621e2fb367b776a24015accd,16,True,True,True
621e2fb367b776a24015accd,17,True,True,True
621e2fb367b776a24015accd,18,True,True,True
621e2fb367b776a24015accd,19,True,True,True
621e2fb367b776a24015accd,20,True,True,True
621e2fb367b776a24015accd,21,True,True,True
621e2fb367b776a24015accd,22,True,True,True
621e2fb367b776a24015accd,23,True,True,True
621e2fb367b776a24015accd,24,True,True,True
621e2fb367b776a24015accd,25,True,True,True
621e2fb367b776a24015accd,26,True,True,True
621e2fb367b776a24015accd,27,True,True,True
621e2fb367b776a24015accd,28,True,True,True
621e2fb367b776a24015accd,29,True,True,True
621e2fb367b776a24015accd,30,True,True,True
621e2fb367b776a24015accd,31,True,True,True
621e2fb367b776a24015accd,32,True,True,True
621e2fb367b776a24015accd,33,True,True,True
621e2fb367b776a24015accd,34,True,False,True
621e2fb367b776a24015accd,35,True,True,True
621e2fb367b776a24015accd,36,True,True,True
621e2fb367b776a24015accd,37,True,True,True
621e2fb367b776a24015accd,38,True,True,True
621e2fb367b776a24015accd,39,True,True,True
621e2fb367b776a24015accd,40,True,True,True
621e2fb367b776a24015accd,41,True,True,True
621e2fb367b776a24015accd,42,True,True,True
621e2fb367b776a24015accd,43,True,True,True
621e2fb367b776a24015accd,44,True,True,True
621e2fb367b776a24015accd,45,True,True,True
621e2fb367b776a24015accd,46,True,True,True
621e2fb367b776a24015accd,47,True,True,True
621e2fb367b776a24015accd,48,True,True,True
621e2fce67b776a240279baa,0,True,True,True
621e2fce67b776a240279baa,1,True,True,True
621e2fce67b776a240279baa,2,True,True,True
621e2fce67b776a240279baa,3,True,True,True
621e2fce67b776a240279baa,4,True,True,True
621e2fce67b776a240279baa,5,True,True,True
621e2fce67b776a240279baa,6,True,True,True
621e2fce67b776a240279baa,7,True,True,True
621e2fce67b776a240279baa,8,True,True,True
621e2fce67b776a240279baa,9,True,True,True
621e2fce67b776a240279baa,10,True,True,True
621e2fce67b776a240279baa,11,True,True,True
621e2fce67b776a240279baa,12,True,True,True
621e2fce67b776a240279baa,13,True,True,True
621e2fce67b776a240279baa,14,True,True,True
621e2fce67b776a240279baa,15,True,True,True
621e2fce67b776a240279baa,16,True,True,True
621e2fce67b776a240279baa,17,True,True,True
621e2fce67b776a240279baa,18,True,True,True
621e2fce67b776a240279baa,19,True,True,True
621e2fce67b776a240279baa,20,True,True,True
621e2fce67b776a240279baa,21,True,True,True
621e2fce67b776a240279baa,22,True,True,True
621e2fce67b776a240279baa,23,True,True,True
621e2fce67b776a240279baa,24,True,True,True
621e2fce67b776a240279baa,25,True,True,True
621e2fce67b776a240279baa,26,True,True,True
621e2fce67b776a240279baa,27,True,True,True
621e2fce67b776a240279baa,28,True,True,True
621e2fce67b776a240279baa,29,True,True,True
621e2fce67b776a240279baa,30,True,True,True
621e2fce67b776a240279baa,31,True,True,True
621e2fce67b776a240279baa,32,True,True,True
621e2fce67b776a240279baa,33,True,True,True
621e2fce67b776a240279baa,34,True,True,True
621e2fce67b776a240279baa,35,True,True,True
621e2fce67b776a240279baa,36,True,True,True
621e2fce67b776a240279baa,37,True,True,True
621e2fce67b776a240279baa,38,True,True,True
621e2fce67b776a240279baa,39,True,True,True
621e2fce67b776a240279baa,40,True,True,True
621e2fce67b776a240279baa,41,True,True,True
621e2fce67b776a240279baa,42,True,True,True
621e2fce67b776a240279baa,43,True,True,True
621e2fce67b776a240279baa,44,True,True,True
621e2fce67b776a240279baa,45,True,True,True
621e2fce67b776a240279baa,46,True,True,True
621e2fce67b776a240279baa,47,True,True,True
621e2fce67b776a240279baa,48,True,True,True
621e2ff067b776a2403eb737,0,True,True,True
621e2ff067b776a2403eb737,1,True,True,True
621e2ff067b776a2403eb737,2,True,True,True
621e2ff067b776a2403eb737,3,True,True,True
621e2ff067b776a2403eb737,4,True,True,True
621e2ff067b776a2403eb737,5,True,True,True
621e2ff067b776a2403eb737,6,True,True,True
621e2ff067b776a2403eb737,7,True,True,True
621e2ff067b776a2403eb737,8,True,True,True
621e2ff067b776a2403eb737,9,True,True,True
621e2ff067b776a2403eb737,10,True,True,True
621e2ff067b776a2403eb737,11,True,True,True
621e2ff067b776a2403eb737,12,True,True,True
621e2ff067b776a2403eb737,13,True,True,True
621e2ff067b776a2403eb737,14,True,True,True
621e2ff067b776a2403eb737,15,True,True,True
621e2ff067b776a2403eb737,16,True,True,True
621e2ff067b776a2403eb737,17,True,True,True
621e2ff067b776a2403eb737,18,True,True,True
621e2ff067b776a2403eb737,19,True,True,True
621e2ff067b776a2403eb737,20,True,True,True
621e2ff067b776a2403eb737,21,True,True,True
621e2ff067b776a2403eb737,22,True,True,True
621e2ff067b776a2403eb737,23,True,True,True
621e2ff067b776a2403eb737,24,True,True,True
621e2ff067b776a2403eb737,25,True,True,True
621e2ff067b776a2403eb737,26,True,True,True
621e2ff067b776a2403eb737,27,True,True,True
621e2ff067b776a2403eb737,28,True,True,True
621e2ff067b776a2403eb737,29,True,True,True
621e2ff067b776a2403eb737,30,True,True,True
621e2ff067b776a2403eb737,31,True,True,True
621e2ff067b776a2403eb737,32,True,True,True
621e2ff067b776a2403eb737,33,True,True,True
621e2ff067b776a2403eb737,34,True,True,True
621e2ff067b776a2403eb737,35,True,True,True
621e2ff067b776a2403eb737,36,True,True,True
621e2ff067b776a2403eb737,37,True,True,True
621e2ff067b776a2403eb737,38,True,True,True
621e2ff067b776a2403eb737,39,True,True,True
621e2ff067b776a2403eb737,40,True,True,True
621e2ff067b776a2403eb737,41,True,True,True
621e2ff067b776a2403eb737,42,True,True,True
621e2ff067b776a2403eb737,43,True,True,True
621e2ff067b776a2403eb737,44,True,True,True
621e2ff067b776a2403eb737,45,True,True,True
621e2ff067b776a2403eb737,46,True,True,True
621e2ff067b776a2403eb737,47,True,True,True
621e2ff067b776a2403eb737,48,True,True,True
621e300767b776a2404dc717,0,True,True,True
621e300767b776a2404dc717,1,True,False,True
621e300767b776a2404dc717,2,True,False,True
621e300767b776a2404dc717,3,True,True,True
621e300767b776a2404dc717,4,True,False,True
621e300767b776a2404dc717,5,True,True,True
621e300767b776a2404dc717,6,True,True,True
621e300767b776a2404dc717,7,True,True,True
621e300767b776a2404dc717,8,True,True,True
621e300767b776a2404dc717,9,True,True,True
621e300767b776a2404dc717,10,True,True,True
621e300767b776a2404dc717,11,True,True,True
621e300767b776a2404dc717,12,True,True,True
621e300767b776a2404dc717,13,True,True,True
621e300767b776a2404dc717,14,False,False,True
621e300767b776a2404dc717,15,False,False,True
621e300767b776a2404dc717,16,False,False,True
621e300767b776a2404dc717,17,False,False,True
621e300767b776a2404dc717,18,False,False,True
621e300767b776a2404dc717,19,False,False,True
621e300767b776a2404dc717,20,False,False,True
621e300767b776a2404dc717,21,False,False,True
621e300767b776a2404dc717,22,False,False,True
621e300767b776a2404dc717,23,False,False,True
621e300767b776a2404dc717,24,False,False,True
621e300767b776a2404dc717,25,False,False,True
621e300767b776a2404dc717,26,False,False,True
621e300767b776a2404dc717,27,False,False,True
621e300767b776a2404dc717,28,False,False,True
621e300767b776a2404dc717,29,False,False,True
621e300767b776a2404dc717,30,False,False,True
621e300767b776a2404dc717,31,False,False,True
621e300767b776a2404dc717,32,False,False,True
621e300767b776a2404dc717,33,False,False,True
621e300767b776a2404dc717,34,False,False,True
621e300767b776a2404dc717,35,False,False,True
621e300767b776a2404dc717,36,False,False,True
621e300767b776a2404dc717,37,False,False,True
621e300767b776a2404dc717,38,False,False,True
621e300767b776a2404dc717,39,False,False,True
621e300767b776a2404dc717,40,False,False,True
621e300767b776a2404dc717,41,False,False,True
621e300767b776a2404dc717,42,False,False,True
621e300767b776a2404dc717,43,False,False,True
621e300767b776a2404dc717,44,False,False,True
621e300767b776a2404dc717,45,False,False,True
621e300767b776a2404dc717,46,False,False,True
621e300767b776a2404dc717,47,False,False,True
621e300767b776a2404dc717,48,False,False,True
621e301367b776a24057738e,0,True,True,True
621e301367b776a24057738e,1,True,True,True
621e301367b776a24057738e,2,True,True,True
621e301367b776a24057738e,3,True,True,True
621e301367b776a24057738e,4,True,True,True
621e301367b776a24057738e,5,True,True,True
621e301367b776a24057738e,6,True,True,True
621e301367b776a24057738e,7,True,True,True
621e301367b776a24057738e,8,True,True,True
621e301367b776a24057738e,9,True,True,True
621e301367b776a24057738e,10,True,True,True
621e301367b776a24057738e,11,True,True,True
621e301367b776a24057738e,12,True,True,True
621e301367b776a24057738e,13,True,True,True
621e301367b776a24057738e,14,True,True,True
621e301367b776a24057738e,15,True,True,True
621e301367b776a24057738e,16,True,True,True
621e301367b776a24057738e,17,True,True,True
621e301367b776a24057738e,18,True,True,True
621e301367b776a24057738e,19,True,True,True
621e301367b776a24057738e,20,False,False,True
621e301367b776a24057738e,21,False,False,True
621e301367b776a24057738e,22,False,False,True
621e301367b776a24057738e,23,False,False,True
621e301367b776a24057738e,24,False,False,True
621e301367b776a24057738e,25,False,False,True
621e301367b776a24057738e,26,False,False,True
621e301367b776a24057738e,27,False,False,True
621e301367b776a24057738e,28,False,False,True
621e301367b776a24057738e,29,False,False,True
621e301367b776a24057738e,30,False,False,True
621e301367b776a24057738e,31,False,False,True
621e301367b776a24057738e,32,False,False,True
621e301367b776a24057738e,33,False,False,True
621e301367b776a24057738e,34,False,False,True
621e301367b776a24057738e,35,False,False,True
621e301367b776a24057738e,36,True,True,True
621e301367b776a24057738e,37,True,True,True
621e301367b776a24057738e,38,True,True,True
621e301367b776a24057738e,39,True,True,True
621e301367b776a24057738e,40,True,True,True
621e301367b776a24057738e,41,True,True,True
621e301367b776a24057738e,42,True,True,True
621e301367b776a24057738e,43,True,True,True
621e301367b776a24057738e,44,True,True,True
621e301367b776a24057738e,45,True,True,True
621e301367b776a24057738e,46,True,True,True
621e301367b776a24057738e,47,True,False,True
621e301367b776a24057738e,48,True,True,True
621e301e67b776a240608a72,0,True,True,True
621e301e67b776a240608a72,1,True,True,True
621e301e67b776a240608a72,2,True,True,True
621e301e67b776a240608a72,3,True,True,True
621e301e67b776a240608a72,4,True,True,True
621e301e67b776a240608a72,5,False,False,True
621e301e67b776a240608a72,6,True,True,True
621e301e67b776a240608a72,7,True,True,True
621e301e67b776a240608a72,8,True,True,True
621e301e67b776a240608a72,9,True,True,True
621e301e67b776a240608a72,10,True,True,True
621e301e67b776a240608a72,11,True,True,True
621e301e67b776a240608a72,12,True,True,True
621e301e67b776a240608a72,13,False,False,True
621e301e67b776a240608a72,14,True,True,True
621e301e67b776a240608a72,15,False,False,True
621e301e67b776a240608a72,16,True,True,True
621e301e67b776a240608a72,17,True,True,True
621e301e67b776a240608a72,18,True,True,True
621e301e67b776a240608a72,19,True,False,True
621e301e67b776a240608a72,20,True,False,True
621e301e67b776a240608a72,21,True,True,True
621e301e67b776a240608a72,22,True,True,True
621e301e67b776a240608a72,23,True,True,True
621e301e67b776a240608a72,24,True,False,True
621e301e67b776a240608a72,25,False,False,True
621e301e67b776a240608a72,26,True,True,True
621e301e67b776a240608a72,27,True,False,True
621e301e67b776a240608a72,28,True,False,True
621e301e67b776a240608a72,29,True,True,True
621e301e67b776a240608a72,30,True,True,True
621e301e67b776a240608a72,31,True,True,True
621e301e67b776a240608a72,32,True,True,True
621e301e67b776a240608a72,33,True,True,True
621e301e67b776a240608a72,34,False,False,True
621e301e67b776a240608a72,35,True,True,True
621e301e67b776a240608a72,36,True,True,True
621e301e67b776a240608a72,37,True,False,True
621e301e67b776a240608a72,38,True,True,True
621e301e67b776a240608a72,39,True,True,True
621e301e67b776a240608a72,40,True,False,True
621e301e67b776a240608a72,41,True,True,True
621e301e67b776a240608a72,42,True,True,True
621e301e67b776a240608a72,43,True,True,True
621e301e67b776a240608a72,44,True,True,True
621e301e67b776a240608a72,45,True,True,True
621e301e67b776a240608a72,46,True,True,True
621e301e67b776a240608a72,47,True,True,True
621e301e67b776a240608a72,48,True,False,True
621e309267b776a240ae1cdb,0,True,True,True
621e309267b776a240ae1cdb,1,True,True,True
621e309267b776a240ae1cdb,2,True,True,True
621e309267b776a240ae1cdb,3,True,True,True
621e309267b776a240ae1cdb,4,True,True,True
621e309267b776a240ae1cdb,5,True,True,True
621e309267b776a240ae1cdb,6,True,True,True
621e309267b776a240ae1cdb,7,True,True,True
621e309267b776a240ae1cdb,8,True,True,True
621e309267b776a240ae1cdb,9,True,True,True
621e309267b776a240ae1cdb,10,True,True,True
621e309267b776a240ae1cdb,11,True,True,True
621e309267b776a240ae1cdb,12,True,False,True
621e309267b776a240ae1cdb,13,False,False,True
621e309267b776a240ae1cdb,14,False,False,True
621e309267b776a240ae1cdb,15,False,False,True
621e309267b776a240ae1cdb,16,False,False,True
621e309267b776a240ae1cdb,17,False,False,True
621e309267b776a240ae1cdb,18,False,False,True
621e309267b776a240ae1cdb,19,False,False,True
621e309267b776a240ae1cdb,20,False,False,True
621e309267b776a240ae1cdb,21,False,False,True
621e309267b776a240ae1cdb,22,False,False,True
621e309267b776a240ae1cdb,23,False,False,True
621e309267b776a240ae1cdb,24,False,False,True
621e309267b776a240ae1cdb,25,False,False,True
621e309267b776a240ae1cdb,26,False,False,True
621e309267b776a240ae1cdb,27,False,False,True
621e309267b776a240ae1cdb,28,False,False,True
621e309267b776a240ae1cdb,29,False,False,True
621e309267b776a240ae1cdb,30,False,False,True
621e309267b776a240ae1cdb,31,False,False,True
621e309267b776a240ae1cdb,32,False,False,True
621e309267b776a240ae1cdb,33,False,False,True
621e309267b776a240ae1cdb,34,False,False,True
621e309267b776a240ae1cdb,35,False,False,True
621e309267b776a240ae1cdb,36,False,False,True
621e309267b776a240ae1cdb,37,False,False,True
621e309267b776a240ae1cdb,38,False,False,True
621e309267b776a240ae1cdb,39,False,False,True
621e309267b776a240ae1cdb,40,False,False,True
621e309267b776a240ae1cdb,41,False,False,True
621e309267b776a240ae1cdb,42,False,False,True
621e309267b776a240ae1cdb,43,False,False,True
621e309267b776a240ae1cdb,44,False,False,True
621e309267b776a240ae1cdb,45,False,False,True
621e309267b776a240ae1cdb,46,False,False,True
621e309267b776a240ae1cdb,47,False,False,True
621e309267b776a240ae1cdb,48,False,False,True
621e30c867b776a240d4aa6c,0,True,True,True
621e30c867b776a240d4aa6c,1,True,True,True
621e30c867b776a240d4aa6c,2,True,True,True
621e30c867b776a240d4aa6c,3,True,True,True
621e30c867b776a240d4aa6c,4,True,True,True
621e30c867b776a240d4aa6c,5,True,True,True
621e30c867b776a240d4aa6c,6,True,True,True
621e30c867b776a240d4aa6c,7,True,True,True
621e30c867b776a240d4aa6c,8,True,True,True
621e30c867b776a240d4aa6c,9,True,True,True
621e30c867b776a240d4aa6c,10,True,True,True
621e30c867b776a240d4aa6c,11,True,True,True
621e30c867b776a240d4aa6c,12,True,True,True
621e30c867b776a240d4aa6c,13,True,True,True
621e30c867b776a240d4aa6c,14,True,True,True
621e30c867b776a240d4aa6c,15,True,True,True
621e30c867b776a240d4aa6c,16,True,True,True
621e30c867b776a240d4aa6c,17,True,True,True
621e30c867b776a240d4aa6c,18,True,True,True
621e30c867b776a240d4aa6c,19,True,True,True
621e30c867b776a240d4aa6c,20,True,True,True
621e30c867b776a240d4aa6c,21,True,True,True
621e30c867b776a240d4aa6c,22,True,True,True
621e30c867b776a240d4aa6c,23,True,True,True
621e30c867b776a240d4aa6c,24,True,True,True
621e30c867b776a240d4aa6c,25,True,True,True
621e30c867b776a240d4aa6c,26,True,True,True
621e30c867b776a240d4aa6c,27,True,True,True
621e30c867b776a240d4aa6c,28,True,True,True
621e30c867b776a240d4aa6c,29,True,True,True
621e30c867b776a240d4aa6c,30,True,True,True
621e30c867b776a240d4aa6c,31,True,True,True
621e30c867b776a240d4aa6c,32,True,True,True
621e30c867b776a240d4aa6c,33,True,True,True
621e30c867b776a240d4aa6c,34,True,True,True
621e30c867b776a240d4aa6c,35,True,True,True
621e30c867b776a240d4aa6c,36,True,True,True
621e30c867b776a240d4aa6c,37,True,True,True
621e30c867b776a240d4aa6c,38,True,True,True
621e30c867b776a240d4aa6c,39,True,True,True
621e30c867b776a240d4aa6c,40,True,True,True
621e30c867b776a240d4aa6c,41,True,True,True
621e30c867b776a240d4aa6c,42,True,True,True
621e30c867b776a240d4aa6c,43,True,True,True
621e30c867b776a240d4aa6c,44,True,False,True
621e30c867b776a240d4aa6c,45,True,True,True
621e30c867b776a240d4aa6c,46,True,True,True
621e30c867b776a240d4aa6c,47,True,True,True
621e30c867b776a240d4aa6c,48,True,True,True
621e30e267b776a240e5bf90,0,False,False,True
621e30e267b776a240e5bf90,1,False,False,True
621e30e267b776a240e5bf90,2,False,False,True
621e30e267b776a240e5bf90,3,False,False,True
621e30e267b776a240e5bf90,4,False,False,True
621e30e267b776a240e5bf90,5,False,False,True
621e30e267b776a240e5bf90,6,False,False,True
621e30e267b776a240e5bf90,7,False,False,True
621e30e267b776a240e5bf90,8,False,False,True
621e30e267b776a240e5bf90,9,False,False,True
621e30e267b776a240e5bf90,10,False,False,True
621e30e267b776a240e5bf90,11,False,False,True
621e30e267b776a240e5bf90,12,False,False,True
621e30e267b776a240e5bf90,13,False,False,True
621e30e267b776a240e5bf90,14,False,False,True
621e30e267b776a240e5bf90,15,False,False,True
621e30e267b776a240e5bf90,16,False,False,True
621e30e267b776a240e5bf90,17,False,False,True
621e30e267b776a240e5bf90,18,False,False,True
621e30e267b776a240e5bf90,19,False,False,True
621e30e267b776a240e5bf90,20,False,False,True
621e30e267b776a240e5bf90,21,False,False,True
621e30e267b776a240e5bf90,22,False,False,True
621e30e267b776a240e5bf90,23,False,False,True
621e30e267b776a240e5bf90,24,False,False,True
621e30e267b776a240e5bf90,25,False,False,True
621e30e267b776a240e5bf90,26,False,False,True
621e30e267b776a240e5bf90,27,False,False,True
621e30e267b776a240e5bf90,28,False,False,True
621e30e267b776a240e5bf90,29,False,False,True
621e30e267b776a240e5bf90,30,False,False,True
621e30e267b776a240e5bf90,31,False,False,True
621e30e267b776a240e5bf90,32,False,False,True
621e30e267b776a240e5bf90,33,False,False,True
621e30e267b776a240e5bf90,34,False,False,True
621e30e267b776a240e5bf90,35,False,False,True
621e30e267b776a240e5bf90,36,False,False,True
621e30e267b776a240e5bf90,37,False,False,True
621e30e267b776a240e5bf90,38,False,False,True
621e30e267b776a240e5bf90,39,False,False,True
621e30e267b776a240e5bf90,40,False,False,True
621e30e267b776a240e5bf90,41,False,False,True
621e30e267b776a240e5bf90,42,False,False,True
621e30e267b776a240e5bf90,43,False,False,True
621e30e267b776a240e5bf90,44,False,False,True
621e30e267b776a240e5bf90,45,False,False,True
621e30e267b776a240e5bf90,46,False,False,True
621e30e267b776a240e5bf90,47,False,False,True
621e30e267b776a240e5bf90,48,False,False,True
621e30e467b776a240e817c7,0,True,True,True
621e30e467b776a240e817c7,1,True,True,True
621e30e467b776a240e817c7,2,True,True,True
621e30e467b776a240e817c7,3,True,True,True
621e30e467b776a240e817c7,4,True,True,True
621e30e467b776a240e817c7,5,True,True,True
621e30e467b776a240e817c7,6,True,True,True
621e30e467b776a240e817c7,7,True,False,True
621e30e467b776a240e817c7,8,True,False,True
621e30e467b776a240e817c7,9,True,True,True
621e30e467b776a240e817c7,10,True,False,True
621e30e467b776a240e817c7,11,True,True,True
621e30e467b776a240e817c7,12,True,True,True
621e30e467b776a240e817c7,13,True,False,True
621e30e467b776a240e817c7,14,True,True,True
621e30e467b776a240e817c7,15,True,False,True
621e30e467b776a240e817c7,16,True,False,True
621e30e467b776a240e817c7,17,True,True,True
621e30e467b776a240e817c7,18,True,True,True
621e30e467b776a240e817c7,19,True,True,True
621e30e467b776a240e817c7,20,True,True,True
621e30e467b776a240e817c7,21,False,False,True
621e30e467b776a240e817c7,22,False,False,True
621e30e467b776a240e817c7,23,True,True,True
621e30e467b776a240e817c7,24,False,False,True
621e30e467b776a240e817c7,25,True,False,True
621e30e467b776a240e817c7,26,True,True,True
621e30e467b776a240e817c7,27,True,False,True
621e30e467b776a240e817c7,28,True,True,True
621e30e467b776a240e817c7,29,True,False,True
621e30e467b776a240e817c7,30,True,True,True
621e30e467b776a240e817c7,31,True,False,True
621e30e467b776a240e817c7,32,True,False,True
621e30e467b776a240e817c7,33,True,False,True
621e30e467b776a240e817c7,34,True,False,True
621e30e467b776a240e817c7,35,True,True,True
621e30e467b776a240e817c7,36,True,True,True
621e30e467b776a240e817c7,37,True,True,True
621e30e467b776a240e817c7,38,True,True,True
621e30e467b776a240e817c7,39,True,False,True
621e30e467b776a240e817c7,40,True,True,True
621e30e467b776a240e817c7,41,True,False,True
621e30e467b776a240e817c7,42,True,False,True
621e30e467b776a240e817c7,43,True,True,True
621e30e467b776a240e817c7,44,False,False,True
621e30e467b776a240e817c7,45,False,False,True
621e30e467b776a240e817c7,46,True,True,True
621e30e467b776a240e817c7,47,False,False,True
621e30e467b776a240e817c7,48,True,False,True
621e30f467b776a240f22944,0,False,False,True
621e30f467b776a240f22944,1,True,True,True
621e30f467b776a240f22944,2,True,True,True
621e30f467b776a240f22944,3,True,True,True
621e30f467b776a240f22944,4,True,True,True
621e30f467b776a240f22944,5,True,True,True
621e30f467b776a240f22944,6,True,True,True
621e30f467b776a240f22944,7,True,True,True
621e30f467b776a240f22944,8,True,True,True
621e30f467b776a240f22944,9,True,True,True
621e30f467b776a240f22944,10,True,True,True
621e30f467b776a240f22944,11,True,True,True
621e30f467b776a240f22944,12,True,True,True
621e30f467b776a240f22944,13,True,True,True
621e30f467b776a240f22944,14,True,True,True
621e30f467b776a240f22944,15,True,True,True
621e30f467b776a240f22944,16,True,True,True
621e30f467b776a240f22944,17,True,True,True
621e30f467b776a240f22944,18,True,True,True
621e30f467b776a240f22944,19,True,True,True
621e30f467b776a240f22944,20,True,True,True
621e30f467b776a240f22944,21,True,True,True
621e30f467b776a240f22944,22,True,True,True
621e30f467b776a240f22944,23,True,True,True
621e30f467b776a240f22944,24,True,True,True
621e30f467b776a240f22944,25,True,True,True
621e30f467b776a240f22944,26,True,True,True
621e30f467b776a240f22944,27,True,True,True
621e30f467b776a240f22944,28,True,True,True
621e30f467b776a240f22944,29,True,True,True
621e30f467b776a240f22944,30,True,True,True
621e30f467b776a240f22944,31,True,True,True
621e30f467b776a240f22944,32,True,True,True
621e30f467b776a240f22944,33,True,True,True
621e30f467b776a240f22944,34,True,True,True
621e30f467b776a240f22944,35,True,True,True
621e30f467b776a240f22944,36,True,True,True
621e30f467b776a240f22944,37,True,True,True
621e30f467b776a240f22944,38,True,True,True
621e30f467b776a240f22944,39,True,True,True
621e30f467b776a240f22944,40,True,True,True
621e30f467b776a240f22944,41,True,True,True
621e30f467b776a240f22944,42,True,True,True
621e30f467b776a240f22944,43,True,True,True
621e30f467b776a240f22944,44,True,True,True
621e30f467b776a240f22944,45,True,True,True
621e30f467b776a240f22944,46,True,True,True
621e30f467b776a240f22944,47,True,True,True
621e30f467b776a240f22944,48,True,True,True
621e310d67b776a24003096d,0,True,True,True
621e310d67b776a24003096d,1,True,True,True
621e310d67b776a24003096d,2,True,True,True
621e310d67b776a24003096d,3,True,True,True
621e310d67b776a24003096d,4,True,True,True
621e310d67b776a24003096d,5,True,True,True
621e310d67b776a24003096d,6,True,True,True
621e310d67b776a24003096d,7,True,False,True
621e310d67b776a24003096d,8,False,False,True
621e310d67b776a24003096d,9,True,True,True
621e310d67b776a24003096d,10,True,True,True
621e310d67b776a24003096d,11,True,True,True
621e310d67b776a24003096d,12,True,True,True
621e310d67b776a24003096d,13,True,True,True
621e310d67b776a24003096d,14,True,True,True
621e310d67b776a24003096d,15,True,True,True
621e310d67b776a24003096d,16,True,True,True
621e310d67b776a24003096d,17,False,False,True
621e310d67b776a24003096d,18,True,True,True
621e310d67b776a24003096d,19,True,True,True
621e310d67b776a24003096d,20,False,False,True
621e310d67b776a24003096d,21,True,True,True
621e310d67b776a24003096d,22,True,True,True
621e310d67b776a24003096d,23,True,True,True
621e310d67b776a24003096d,24,True,True,True
621e310d67b776a24003096d,25,True,True,True
621e310d67b776a24003096d,26,True,True,True
621e310d67b776a24003096d,27,True,True,True
621e310d67b776a24003096d,28,True,True,True
621e310d67b776a24003096d,29,True,True,True
621e310d67b776a24003096d,30,True,True,True
621e310d67b776a24003096d,31,True,True,True
621e310d67b776a24003096d,32,True,True,True
621e310d67b776a24003096d,33,False,False,True
621e310d67b776a24003096d,34,False,False,True
621e310d67b776a24003096d,35,False,False,True
621e310d67b776a24003096d,36,True,False,True
621e310d67b776a24003096d,37,True,True,True
621e310d67b776a24003096d,38,True,True,True
621e310d67b776a24003096d,39,True,True,True
621e310d67b776a24003096d,40,True,False,True
621e310d67b776a24003096d,41,True,False,True
621e310d67b776a24003096d,42,True,True,True
621e310d67b776a24003096d,43,True,True,True
621e310d67b776a24003096d,44,False,False,True
621e310d67b776a24003096d,45,True,False,True
621e310d67b776a24003096d,46,True,True,True
621e310d67b776a24003096d,47,True,True,True
621e310d67b776a24003096d,48,True,True,True
621e312a67b776a240164d59,0,True,True,True
621e312a67b776a240164d59,1,True,True,True
621e312a67b776a240164d59,2,True,True,True
621e312a67b776a240164d59,3,True,True,True
621e312a67b776a240164d59,4,True,True,True
621e312a67b776a240164d59,5,True,True,True
621e312a67b776a240164d59,6,True,True,True
621e312a67b776a240164d59,7,True,True,True
621e312a67b776a240164d59,8,True,True,True
621e312a67b776a240164d59,9,True,True,True
621e312a67b776a240164d59,10,True,True,True
621e312a67b776a240164d59,11,True,True,True
621e312a67b776a240164d59,12,True,True,True
621e312a67b776a240164d59,13,True,True,True
621e312a67b776a240164d59,14,True,True,True
621e312a67b776a240164d59,15,True,True,True
621e312a67b776a240164d59,16,True,True,True
621e312a67b776a240164d59,17,True,True,True
621e312a67b776a240164d59,18,True,True,True
621e312a67b776a240164d59,19,True,False,True
621e312a67b776a240164d59,20,False,False,True
621e312a67b776a240164d59,21,False,False,True
621e312a67b776a240164d59,22,False,False,True
621e312a67b776a240164d59,23,False,False,True
621e312a67b776a240164d59,24,False,False,True
621e312a67b776a240164d59,25,False,False,True
621e312a67b776a240164d59,26,False,False,True
621e312a67b776a240164d59,27,False,False,True
621e312a67b776a240164d59,28,False,False,True
621e312a67b776a240164d59,29,False,False,True
621e312a67b776a240164d59,30,False,False,True
621e312a67b776a240164d59,31,False,False,True
621e312a67b776a240164d59,32,False,False,True
621e312a67b776a240164d59,33,False,False,True
621e312a67b776a240164d59,34,False,False,True
621e312a67b776a240164d59,35,False,False,True
621e312a67b776a240164d59,36,False,False,True
621e312a67b776a240164d59,37,False,False,True
621e312a67b776a240164d59,38,False,False,True
621e312a67b776a240164d59,39,False,False,True
621e312a67b776a240164d59,40,True,False,True
621e312a67b776a240164d59,41,True,False,True
621e312a67b776a240164d59,42,True,False,True
621e312a67b776a240164d59,43,True,True,True
621e312a67b776a240164d59,44,True,True,True
621e312a67b776a240164d59,45,True,True,True
621e312a67b776a240164d59,46,True,True,True
621e312a67b776a240164d59,47,True,True,True
621e312a67b776a240164d59,48,True,True,True
621e314867b776a24029ebf9,0,True,True,True
621e314867b776a24029ebf9,1,True,True,True
621e314867b776a24029ebf9,2,True,True,True
621e314867b776a24029ebf9,3,True,True,True
621e314867b776a24029ebf9,4,True,True,True
621e314867b776a24029ebf9,5,True,True,True
621e314867b776a24029ebf9,6,True,False,True
621e314867b776a24029ebf9,7,True,True,True
621e314867b776a24029ebf9,8,True,True,True
621e314867b776a24029ebf9,9,True,True,True
621e314867b776a24029ebf9,10,True,True,True
621e314867b776a24029ebf9,11,True,True,True
621e314867b776a24029ebf9,12,True,True,True
621e314867b776a24029ebf9,13,True,True,True
621e314867b776a24029ebf9,14,True,True,True
621e314867b776a24029ebf9,15,False,False,True
621e314867b776a24029ebf9,16,False,False,True
621e314867b776a24029ebf9,17,False,False,True
621e314867b776a24029ebf9,18,False,False,True
621e314867b776a24029ebf9,19,False,False,True
621e314867b776a24029ebf9,20,False,False,True
621e314867b776a24029ebf9,21,False,False,True
621e314867b776a24029ebf9,22,True,False,True
621e314867b776a24029ebf9,23,True,False,True
621e314867b776a24029ebf9,24,True,False,True
621e314867b776a24029ebf9,25,True,False,True
621e314867b776a24029ebf9,26,True,True,True
621e314867b776a24029ebf9,27,True,True,True
621e314867b776a24029ebf9,28,True,True,True
621e314867b776a24029ebf9,29,True,False,True
621e314867b776a24029ebf9,30,True,True,True
621e314867b776a24029ebf9,31,True,True,True
621e314867b776a24029ebf9,32,True,True,True
621e314867b776a24029ebf9,33,True,True,True
621e314867b776a24029ebf9,34,True,True,True
621e314867b776a24029ebf9,35,True,True,True
621e314867b776a24029ebf9,36,False,False,True
621e314867b776a24029ebf9,37,False,False,True
621e314867b776a24029ebf9,38,True,False,True
621e314867b776a24029ebf9,39,True,True,True
621e314867b776a24029ebf9,40,True,True,True
621e314867b776a24029ebf9,41,True,True,True
621e314867b776a24029ebf9,42,True,True,True
621e314867b776a24029ebf9,43,True,True,True
621e314867b776a24029ebf9,44,True,True,True
621e314867b776a24029ebf9,45,True,True,True
621e314867b776a24029ebf9,46,True,True,True
621e314867b776a24029ebf9,47,True,True,True
621e314867b776a24029ebf9,48,True,True,True
621e322367b776a240e44e9b,0,True,True,True
621e322367b776a240e44e9b,1,True,True,True
621e322367b776a240e44e9b,2,True,True,True
621e322367b776a240e44e9b,3,True,True,True
621e322367b776a240e44e9b,4,True,False,True
621e322367b776a240e44e9b,5,True,True,True
621e322367b776a240e44e9b,6,True,True,True
621e322367b776a240e44e9b,7,True,True,True
621e322367b776a240e44e9b,8,True,True,True
621e322367b776a240e44e9b,9,True,True,True
621e322367b776a240e44e9b,10,True,True,True
621e322367b776a240e44e9b,11,True,True,True
621e322367b776a240e44e9b,12,True,True,True
621e322367b776a240e44e9b,13,True,True,True
621e322367b776a240e44e9b,14,True,True,True
621e322367b776a240e44e9b,15,True,True,True
621e322367b776a240e44e9b,16,True,True,True
621e322367b776a240e44e9b,17,True,True,True
621e322367b776a240e44e9b,18,True,True,True
621e322367b776a240e44e9b,19,True,True,True
621e322367b776a240e44e9b,20,True,True,True
621e322367b776a240e44e9b,21,True,False,True
621e322367b776a240e44e9b,22,True,True,True
621e322367b776a240e44e9b,23,True,True,True
621e322367b776a240e44e9b,24,True,True,True
621e322367b776a240e44e9b,25,True,True,True
621e322367b776a240e44e9b,26,True,True,True
621e322367b776a240e44e9b,27,True,True,True
621e322367b776a240e44e9b,28,True,True,True
621e322367b776a240e44e9b,29,True,True,True
621e322367b776a240e44e9b,30,True,True,True
621e322367b776a240e44e9b,31,True,True,True
621e322367b776a240e44e9b,32,False,False,True
621e322367b776a240e44e9b,33,True,True,True
621e322367b776a240e44e9b,34,True,True,True
621e322367b776a240e44e9b,35,True,True,True
621e322367b776a240e44e9b,36,True,True,True
621e322367b776a240e44e9b,37,True,False,True
621e322367b776a240e44e9b,38,False,False,True
621e322367b776a240e44e9b,39,False,False,True
621e322367b776a240e44e9b,40,False,False,True
621e322367b776a240e44e9b,41,False,False,True
621e322367b776a240e44e9b,42,False,False,True
621e322367b776a240e44e9b,43,False,False,True
621e322367b776a240e44e9b,44,False,False,True
621e322367b776a240e44e9b,45,False,False,True
621e322367b776a240e44e9b,46,False,False,True
621e322367b776a240e44e9b,47,False,False,True
621e322367b776a240e44e9b,48,False,False,True
621e323667b776a240f19134,0,True,True,True
621e323667b776a240f19134,1,True,True,True
621e323667b776a240f19134,2,True,True,True
621e323667b776a240f19134,3,True,True,True
621e323667b776a240f19134,4,True,True,True
621e323667b776a240f19134,5,True,True,True
621e323667b776a240f19134,6,True,True,True
621e323667b776a240f19134,7,True,True,True
621e323667b776a240f19134,8,True,True,True
621e323667b776a240f19134,9,True,True,True
621e323667b776a240f19134,10,True,True,True
621e323667b776a240f19134,11,True,True,True
621e323667b776a240f19134,12,True,True,True
621e323667b776a240f19134,13,True,True,True
621e323667b776a240f19134,14,True,True,True
621e323667b776a240f19134,15,True,True,True
621e323667b776a240f19134,16,True,True,True
621e323667b776a240f19134,17,True,True,True
621e323667b776a240f19134,18,True,True,True
621e323667b776a240f19134,19,True,True,True
621e323667b776a240f19134,20,True,True,True
621e323667b776a240f19134,21,True,True,True
621e323667b776a240f19134,22,True,True,True
621e323667b776a240f19134,23,True,True,True
621e323667b776a240f19134,24,True,True,True
621e323667b776a240f19134,25,True,True,True
621e323667b776a240f19134,26,True,True,True
621e323667b776a240f19134,27,True,True,True
621e323667b776a240f19134,28,True,True,True
621e323667b776a240f19134,29,True,True,True
621e323667b776a240f19134,30,True,True,True
621e323667b776a240f19134,31,True,True,True
621e323667b776a240f19134,32,True,True,True
621e323667b776a240f19134,33,True,True,True
621e323667b776a240f19134,34,True,True,True
621e323667b776a240f19134,35,True,True,True
621e323667b776a240f19134,36,True,True,True
621e323667b776a240f19134,37,True,True,True
621e323667b776a240f19134,38,True,True,True
621e323667b776a240f19134,39,True,True,True
621e323667b776a240f19134,40,True,True,True
621e323667b776a240f19134,41,True,True,True
621e323667b776a240f19134,42,True,True,True
621e323667b776a240f19134,43,True,True,True
621e323667b776a240f19134,44,True,True,True
621e323667b776a240f19134,45,False,False,True
621e323667b776a240f19134,46,True,True,True
621e323667b776a240f19134,47,True,True,True
621e323667b776a240f19134,48,True,True,True
621e324e67b776a2400191cb,0,True,True,True
621e324e67b776a2400191cb,1,True,True,True
621e324e67b776a2400191cb,2,True,True,True
621e324e67b776a2400191cb,3,True,True,True
621e324e67b776a2400191cb,4,True,True,True
621e324e67b776a2400191cb,5,True,True,True
621e324e67b776a2400191cb,6,True,True,True
621e324e67b776a2400191cb,7,True,True,True
621e324e67b776a2400191cb,8,True,True,True
621e324e67b776a2400191cb,9,True,True,True
621e324e67b776a2400191cb,10,True,True,True
621e324e67b776a2400191cb,11,True,True,True
621e324e67b776a2400191cb,12,True,True,True
621e324e67b776a2400191cb,13,True,True,True
621e324e67b776a2400191cb,14,True,True,True
621e324e67b776a2400191cb,15,True,True,True
621e324e67b776a2400191cb,16,True,True,True
621e324e67b776a2400191cb,17,True,True,True
621e324e67b776a2400191cb,18,True,True,True
621e324e67b776a2400191cb,19,True,True,True
621e324e67b776a2400191cb,20,True,True,True
621e324e67b776a2400191cb,21,True,True,True
621e324e67b776a2400191cb,22,True,True,True
621e324e67b776a2400191cb,23,True,True,True
621e324e67b776a2400191cb,24,True,True,True
621e324e67b776a2400191cb,25,True,True,True
621e324e67b776a2400191cb,26,True,True,True
621e324e67b776a2400191cb,27,True,True,True
621e324e67b776a2400191cb,28,True,True,True
621e324e67b776a2400191cb,29,True,True,True
621e324e67b776a2400191cb,30,True,True,True
621e324e67b776a2400191cb,31,True,True,True
621e324e67b776a2400191cb,32,True,True,True
621e324e67b776a2400191cb,33,True,True,True
621e324e67b776a2400191cb,34,True,True,True
621e324e67b776a2400191cb,35,True,True,True
621e324e67b776a2400191cb,36,True,True,True
621e324e67b776a2400191cb,37,True,True,True
621e324e67b776a2400191cb,38,True,True,True
621e324e67b776a2400191cb,39,True,True,True
621e324e67b776a2400191cb,40,True,True,True
621e324e67b776a2400191cb,41,True,True,True
621e324e67b776a2400191cb,42,True,True,True
621e324e67b776a2400191cb,43,True,True,True
621e324e67b776a2400191cb,44,True,True,True
621e324e67b776a2400191cb,45,True,True,True
621e324e67b776a2400191cb,46,True,True,True
621e324e67b776a2400191cb,47,True,True,True
621e324e67b776a2400191cb,48,True,True,True
621e326767b776a24012e179,0,True,True,True
621e326767b776a24012e179,1,True,True,True
621e326767b776a24012e179,2,True,True,True
621e326767b776a24012e179,3,True,True,True
621e326767b776a24012e179,4,True,True,True
621e326767b776a24012e179,5,True,True,True
621e326767b776a24012e179,6,True,True,True
621e326767b776a24012e179,7,True,True,True
621e326767b776a24012e179,8,True,True,True
621e326767b776a24012e179,9,True,True,True
621e326767b776a24012e179,10,True,True,True
621e326767b776a24012e179,11,True,True,True
621e326767b776a24012e179,12,True,True,True
621e326767b776a24012e179,13,True,True,True
621e326767b776a24012e179,14,True,True,True
621e326767b776a24012e179,15,True,True,True
621e326767b776a24012e179,16,True,True,True
621e326767b776a24012e179,17,True,True,True
621e326767b776a24012e179,18,True,True,True
621e326767b776a24012e179,19,True,True,True
621e326767b776a24012e179,20,True,True,True
621e326767b776a24012e179,21,True,True,True
621e326767b776a24012e179,22,True,True,True
621e326767b776a24012e179,23,True,True,True
621e326767b776a24012e179,24,True,True,True
621e326767b776a24012e179,25,True,True,True
621e326767b776a24012e179,26,True,True,True
621e326767b776a24012e179,27,True,True,True
621e326767b776a24012e179,28,True,True,True
621e326767b776a24012e179,29,True,True,True
621e326767b776a24012e179,30,True,True,True
621e326767b776a24012e179,31,True,True,True
621e326767b776a24012e179,32,True,True,True
621e326767b776a24012e179,33,True,True,True
621e326767b776a24012e179,34,True,True,True
621e326767b776a24012e179,35,True,True,True
621e326767b776a24012e179,36,True,True,True
621e326767b776a24012e179,37,True,True,True
621e326767b776a24012e179,38,True,True,True
621e326767b776a24012e179,39,True,True,True
621e326767b776a24012e179,40,True,True,True
621e326767b776a24012e179,41,True,True,True
621e326767b776a24012e179,42,True,True,True
621e326767b776a24012e179,43,True,True,True
621e326767b776a24012e179,44,True,True,True
621e326767b776a24012e179,45,True,True,True
621e326767b776a24012e179,46,True,True,True
621e326767b776a24012e179,47,True,True,True
621e326767b776a24012e179,48,True,True,True
621e328667b776a240281372,0,True,True,True
621e328667b776a240281372,1,True,True,True
621e328667b776a240281372,2,True,True,True
621e328667b776a240281372,3,True,True,True
621e328667b776a240281372,4,True,True,True
621e328667b776a240281372,5,True,True,True
621e328667b776a240281372,6,True,True,True
621e328667b776a240281372,7,True,True,True
621e328667b776a240281372,8,True,True,True
621e328667b776a240281372,9,False,False,True
621e328667b776a240281372,10,False,False,True
621e328667b776a240281372,11,False,False,True
621e328667b776a240281372,12,False,False,True
621e328667b776a240281372,13,False,False,True
621e328667b776a240281372,14,False,False,True
621e328667b776a240281372,15,False,False,True
621e328667b776a240281372,16,False,False,True
621e328667b776a240281372,17,False,False,True
621e328667b776a240281372,18,False,False,True
621e328667b776a240281372,19,False,False,True
621e328667b776a240281372,20,False,False,True
621e328667b776a240281372,21,False,False,True
621e328667b776a240281372,22,False,False,True
621e328667b776a240281372,23,False,False,True
621e328667b776a240281372,24,False,False,True
621e328667b776a240281372,25,False,False,True
621e328667b776a240281372,26,False,False,True
621e328667b776a240281372,27,False,False,True
621e328667b776a240281372,28,False,False,True
621e328667b776a240281372,29,False,False,True
621e328667b776a240281372,30,False,False,True
621e328667b776a240281372,31,False,False,True
621e328667b776a240281372,32,False,False,True
621e328667b776a240281372,33,False,False,True
621e328667b776a240281372,34,False,False,True
621e328667b776a240281372,35,False,False,True
621e328667b776a240281372,36,False,False,True
621e328667b776a240281372,37,False,False,True
621e328667b776a240281372,38,False,False,True
621e328667b776a240281372,39,False,False,True
621e328667b776a240281372,40,False,False,True
621e328667b776a240281372,41,False,False,True
621e328667b776a240281372,42,False,False,True
621e328667b776a240281372,43,False,False,True
621e328667b776a240281372,44,False,False,True
621e328667b776a240281372,45,False,False,True
621e328667b776a240281372,46,False,False,True
621e328667b776a240281372,47,False,False,True
621e328667b776a240281372,48,False,False,True
621e329067b776a2402ffad2,0,True,True,True
621e329067b776a2402ffad2,1,True,True,True
621e329067b776a2402ffad2,2,True,True,True
621e329067b776a2402ffad2,3,True,True,True
621e329067b776a2402ffad2,4,True,True,True
621e329067b776a2402ffad2,5,True,True,True
621e329067b776a2402ffad2,6,True,True,True
621e329067b776a2402ffad2,7,True,True,True
621e329067b776a2402ffad2,8,True,True,True
621e329067b776a2402ffad2,9,True,True,True
621e329067b776a2402ffad2,10,True,True,True
621e329067b776a2402ffad2,11,True,True,True
621e329067b776a2402ffad2,12,True,True,True
621e329067b776a2402ffad2,13,True,True,True
621e329067b776a2402ffad2,14,True,True,True
621e329067b776a2402ffad2,15,True,True,True
621e329067b776a2402ffad2,16,True,True,True
621e329067b776a2402ffad2,17,True,True,True
621e329067b776a2402ffad2,18,True,True,True
621e329067b776a2402ffad2,19,True,True,True
621e329067b776a2402ffad2,20,True,True,True
621e329067b776a2402ffad2,21,True,True,True
621e329067b776a2402ffad2,22,True,True,True
621e329067b776a2402ffad2,23,True,True,True
621e329067b776a2402ffad2,24,True,True,True
621e329067b776a2402ffad2,25,True,True,True
621e329067b776a2402ffad2,26,True,True,True
621e329067b776a2402ffad2,27,True,True,True
621e329067b776a2402ffad2,28,True,True,True
621e329067b776a2402ffad2,29,True,True,True
621e329067b776a2402ffad2,30,True,True,True
621e329067b776a2402ffad2,31,True,True,True
621e329067b776a2402ffad2,32,True,True,True
621e329067b776a2402ffad2,33,True,True,True
621e329067b776a2402ffad2,34,True,True,True
621e329067b776a2402ffad2,35,True,True,True
621e329067b776a2402ffad2,36,True,True,True
621e329067b776a2402ffad2,37,True,True,True
621e329067b776a2402ffad2,38,True,True,True
621e329067b776a2402ffad2,39,True,True,True
621e329067b776a2402ffad2,40,True,True,True
621e329067b776a2402ffad2,41,True,True,True
621e329067b776a2402ffad2,42,True,True,True
621e329067b776a2402ffad2,43,True,True,True
621e329067b776a2402ffad2,44,True,True,True
621e329067b776a2402ffad2,45,True,True,True
621e329067b776a2402ffad2,46,True,True,True
621e329067b776a2402ffad2,47,True,True,True
621e329067b776a2402ffad2,48,True,True,True
621e32af67b776a24045b4cf,0,True,True,True
621e32af67b776a24045b4cf,1,True,True,True
621e32af67b776a24045b4cf,2,True,True,True
621e32af67b776a24045b4cf,3,True,True,True
621e32af67b776a24045b4cf,4,True,True,True
621e32af67b776a24045b4cf,5,True,True,True
621e32af67b776a24045b4cf,6,True,True,True
621e32af67b776a24045b4cf,7,True,True,True
621e32af67b776a24045b4cf,8,True,True,True
621e32af67b776a24045b4cf,9,True,True,True
621e32af67b776a24045b4cf,10,True,True,True
621e32af67b776a24045b4cf,11,True,True,True
621e32af67b776a24045b4cf,12,True,True,True
621e32af67b776a24045b4cf,13,True,True,True
621e32af67b776a24045b4cf,14,True,True,True
621e32af67b776a24045b4cf,15,True,True,True
621e32af67b776a24045b4cf,16,True,True,True
621e32af67b776a24045b4cf,17,True,True,True
621e32af67b776a24045b4cf,18,True,True,True
621e32af67b776a24045b4cf,19,True,True,True
621e32af67b776a24045b4cf,20,True,True,True
621e32af67b776a24045b4cf,21,True,True,True
621e32af67b776a24045b4cf,22,True,True,True
621e32af67b776a24045b4cf,23,True,True,True
621e32af67b776a24045b4cf,24,True,True,True
621e32af67b776a24045b4cf,25,True,True,True
621e32af67b776a24045b4cf,26,True,True,True
621e32af67b776a24045b4cf,27,True,True,True
621e32af67b776a24045b4cf,28,True,True,True
621e32af67b776a24045b4cf,29,True,True,True
621e32af67b776a24045b4cf,30,True,True,True
621e32af67b776a24045b4cf,31,True,True,True
621e32af67b776a24045b4cf,32,True,True,True
621e32af67b776a24045b4cf,33,True,True,True
621e32af67b776a24045b4cf,34,True,True,True
621e32af67b776a24045b4cf,35,True,True,True
621e32af67b776a24045b4cf,36,True,True,True
621e32af67b776a24045b4cf,37,True,True,True
621e32af67b776a24045b4cf,38,True,True,True
621e32af67b776a24045b4cf,39,True,True,True
621e32af67b776a24045b4cf,40,True,True,True
621e32af67b776a24045b4cf,41,True,True,True
621e32af67b776a24045b4cf,42,True,True,True
621e32af67b776a24045b4cf,43,True,True,True
621e32af67b776a24045b4cf,44,True,True,True
621e32af67b776a24045b4cf,45,True,True,True
621e32af67b776a24045b4cf,46,True,True,True
621e32af67b776a24045b4cf,47,True,True,True
621e32af67b776a24045b4cf,48,True,True,True
621e32d067b776a2405b7d54,0,False,False,True
621e32d067b776a2405b7d54,1,True,False,True
621e32d067b776a2405b7d54,2,False,False,True
621e32d067b776a2405b7d54,3,True,False,True
621e32d067b776a2405b7d54,4,True,False,True
621e32d067b776a2405b7d54,5,True,False,True
621e32d067b776a2405b7d54,6,False,False,True
621e32d067b776a2405b7d54,7,False,False,True
621e32d067b776a2405b7d54,8,True,False,True
621e32d067b776a2405b7d54,9,True,True,True
621e32d067b776a2405b7d54,10,True,True,True
621e32d067b776a2405b7d54,11,True,True,True
621e32d067b776a2405b7d54,12,False,False,True
621e32d067b776a2405b7d54,13,False,False,True
621e32d067b776a2405b7d54,14,False,False,True
621e32d067b776a2405b7d54,15,False,False,True
621e32d067b776a2405b7d54,16,True,False,True
621e32d067b776a2405b7d54,17,False,False,True
621e32d067b776a2405b7d54,18,True,True,True
621e32d067b776a2405b7d54,19,True,True,True
621e32d067b776a2405b7d54,20,True,True,True
621e32d067b776a2405b7d54,21,True,True,True
621e32d067b776a2405b7d54,22,False,False,True
621e32d067b776a2405b7d54,23,True,True,True
621e32d067b776a2405b7d54,24,True,False,True
621e32d067b776a2405b7d54,25,True,True,True
621e32d067b776a2405b7d54,26,True,True,True
621e32d067b776a2405b7d54,27,True,False,True
621e32d067b776a2405b7d54,28,True,True,True
621e32d067b776a2405b7d54,29,True,True,True
621e32d067b776a2405b7d54,30,True,True,True
621e32d067b776a2405b7d54,31,True,True,True
621e32d067b776a2405b7d54,32,True,True,True
621e32d067b776a2405b7d54,33,True,True,True
621e32d067b776a2405b7d54,34,True,True,True
621e32d067b776a2405b7d54,35,True,False,True
621e32d067b776a2405b7d54,36,False,False,True
621e32d067b776a2405b7d54,37,False,False,True
621e32d067b776a2405b7d54,38,False,False,True
621e32d067b776a2405b7d54,39,False,False,True
621e32d067b776a2405b7d54,40,False,False,True
621e32d067b776a2405b7d54,41,False,False,True
621e32d067b776a2405b7d54,42,False,False,True
621e32d067b776a2405b7d54,43,False,False,True
621e32d067b776a2405b7d54,44,False,False,True
621e32d067b776a2405b7d54,45,False,False,True
621e32d067b776a2405b7d54,46,False,False,True
621e32d067b776a2405b7d54,47,False,False,True
621e32d067b776a2405b7d54,48,False,False,True
621e32d967b776a240627414,0,True,False,True
621e32d967b776a240627414,1,True,True,True
621e32d967b776a240627414,2,True,True,True
621e32d967b776a240627414,3,True,True,True
621e32d967b776a240627414,4,True,True,True
621e32d967b776a240627414,5,True,True,True
621e32d967b776a240627414,6,True,True,True
621e32d967b776a240627414,7,True,True,True
621e32d967b776a240627414,8,True,True,True
621e32d967b776a240627414,9,True,True,True
621e32d967b776a240627414,10,True,True,True
621e32d967b776a240627414,11,True,True,True
621e32d967b776a240627414,12,True,True,True
621e32d967b776a240627414,13,True,True,True
621e32d967b776a240627414,14,True,True,True
621e32d967b776a240627414,15,True,True,True
621e32d967b776a240627414,16,True,True,True
621e32d967b776a240627414,17,True,True,True
621e32d967b776a240627414,18,True,True,True
621e32d967b776a240627414,19,True,True,True
621e32d967b776a240627414,20,True,True,True
621e32d967b776a240627414,21,True,True,True
621e32d967b776a240627414,22,True,True,True
621e32d967b776a240627414,23,True,True,True
621e32d967b776a240627414,24,True,True,True
621e32d967b776a240627414,25,True,True,True
621e32d967b776a240627414,26,True,False,True
621e32d967b776a240627414,27,True,False,True
621e32d967b776a240627414,28,True,True,True
621e32d967b776a240627414,29,True,True,True
621e32d967b776a240627414,30,True,True,True
621e32d967b776a240627414,31,True,True,True
621e32d967b776a240627414,32,False,False,True
621e32d967b776a240627414,33,False,False,True
621e32d967b776a240627414,34,False,False,True
621e32d967b776a240627414,35,False,False,True
621e32d967b776a240627414,36,False,False,True
621e32d967b776a240627414,37,False,False,True
621e32d967b776a240627414,38,False,False,True
621e32d967b776a240627414,39,False,False,True
621e32d967b776a240627414,40,False,False,True
621e32d967b776a240627414,41,False,False,True
621e32d967b776a240627414,42,False,False,True
621e32d967b776a240627414,43,False,False,True
621e32d967b776a240627414,44,False,False,True
621e32d967b776a240627414,45,False,False,True
621e32d967b776a240627414,46,False,False,True
621e32d967b776a240627414,47,False,False,True
621e32d967b776a240627414,48,False,False,True
621e32e667b776a2406d2f1c,0,True,True,True
621e32e667b776a2406d2f1c,1,True,True,True
621e32e667b776a2406d2f1c,2,True,True,True
621e32e667b776a2406d2f1c,3,True,True,True
621e32e667b776a2406d2f1c,4,True,True,True
621e32e667b776a2406d2f1c,5,True,True,True
621e32e667b776a2406d2f1c,6,True,True,True
621e32e667b776a2406d2f1c,7,True,True,True
621e32e667b776a2406d2f1c,8,True,True,True
621e32e667b776a2406d2f1c,9,True,True,True
621e32e667b776a2406d2f1c,10,True,True,True
621e32e667b776a2406d2f1c,11,True,True,True
621e32e667b776a2406d2f1c,12,True,True,True
621e32e667b776a2406d2f1c,13,True,True,True
621e32e667b776a2406d2f1c,14,True,True,True
621e32e667b776a2406d2f1c,15,True,True,True
621e32e667b776a2406d2f1c,16,True,True,True
621e32e667b776a2406d2f1c,17,True,True,True
621e32e667b776a2406d2f1c,18,True,True,True
621e32e667b776a2406d2f1c,19,True,True,True
621e32e667b776a2406d2f1c,20,True,True,True
621e32e667b776a2406d2f1c,21,True,True,True
621e32e667b776a2406d2f1c,22,True,True,True
621e32e667b776a2406d2f1c,23,True,True,True
621e32e667b776a2406d2f1c,24,True,True,True
621e32e667b776a2406d2f1c,25,True,True,True
621e32e667b776a2406d2f1c,26,True,True,True
621e32e667b776a2406d2f1c,27,True,True,True
621e32e667b776a2406d2f1c,28,True,True,True
621e32e667b776a2406d2f1c,29,True,True,True
621e32e667b776a2406d2f1c,30,True,True,True
621e32e667b776a2406d2f1c,31,True,True,True
621e32e667b776a2406d2f1c,32,True,True,True
621e32e667b776a2406d2f1c,33,True,True,True
621e32e667b776a2406d2f1c,34,True,True,True
621e32e667b776a2406d2f1c,35,True,True,True
621e32e667b776a2406d2f1c,36,True,True,True
621e32e667b776a2406d2f1c,37,True,True,True
621e32e667b776a2406d2f1c,38,True,True,True
621e32e667b776a2406d2f1c,39,True,True,True
621e32e667b776a2406d2f1c,40,True,True,True
621e32e667b776a2406d2f1c,41,True,True,True
621e32e667b776a2406d2f1c,42,True,True,True
621e32e667b776a2406d2f1c,43,True,True,True
621e32e667b776a2406d2f1c,44,True,True,True
621e32e667b776a2406d2f1c,45,True,True,True
621e32e667b776a2406d2f1c,46,True,True,True
621e32e667b776a2406d2f1c,47,True,True,True
621e32e667b776a2406d2f1c,48,True,True,True
621e331067b776a24085dd3f,0,True,True,True
621e331067b776a24085dd3f,1,True,True,True
621e331067b776a24085dd3f,2,True,True,True
621e331067b776a24085dd3f,3,True,True,True
621e331067b776a24085dd3f,4,True,True,True
621e331067b776a24085dd3f,5,True,True,True
621e331067b776a24085dd3f,6,True,True,True
621e331067b776a24085dd3f,7,True,True,True
621e331067b776a24085dd3f,8,True,True,True
621e331067b776a24085dd3f,9,True,True,True
621e331067b776a24085dd3f,10,True,True,True
621e331067b776a24085dd3f,11,True,True,True
621e331067b776a24085dd3f,12,True,False,True
621e331067b776a24085dd3f,13,True,False,True
621e331067b776a24085dd3f,14,True,False,True
621e331067b776a24085dd3f,15,True,True,True
621e331067b776a24085dd3f,16,True,True,True
621e331067b776a24085dd3f,17,True,True,True
621e331067b776a24085dd3f,18,True,True,True
621e331067b776a24085dd3f,19,True,True,True
621e331067b776a24085dd3f,20,True,False,True
621e331067b776a24085dd3f,21,True,False,True
621e331067b776a24085dd3f,22,True,True,True
621e331067b776a24085dd3f,23,True,True,True
621e331067b776a24085dd3f,24,True,True,True
621e331067b776a24085dd3f,25,True,True,True
621e331067b776a24085dd3f,26,True,True,True
621e331067b776a24085dd3f,27,True,True,True
621e331067b776a24085dd3f,28,True,True,True
621e331067b776a24085dd3f,29,True,True,True
621e331067b776a24085dd3f,30,True,True,True
621e331067b776a24085dd3f,31,True,True,True
621e331067b776a24085dd3f,32,True,True,True
621e331067b776a24085dd3f,33,True,True,True
621e331067b776a24085dd3f,34,True,True,True
621e331067b776a24085dd3f,35,True,True,True
621e331067b776a24085dd3f,36,True,True,True
621e331067b776a24085dd3f,37,True,True,True
621e331067b776a24085dd3f,38,True,True,True
621e331067b776a24085dd3f,39,True,True,True
621e331067b776a24085dd3f,40,True,True,True
621e331067b776a24085dd3f,41,True,True,True
621e331067b776a24085dd3f,42,True,True,True
621e331067b776a24085dd3f,43,True,True,True
621e331067b776a24085dd3f,44,True,True,True
621e331067b776a24085dd3f,45,True,True,True
621e331067b776a24085dd3f,46,True,True,True
621e331067b776a24085dd3f,47,True,True,True
621e331067b776a24085dd3f,48,True,True,True
621e332267b776a24092a584,0,True,True,True
621e332267b776a24092a584,1,True,True,True
621e332267b776a24092a584,2,True,True,True
621e332267b776a24092a584,3,True,True,True
621e332267b776a24092a584,4,True,True,True
621e332267b776a24092a584,5,True,True,True
621e332267b776a24092a584,6,True,True,True
621e332267b776a24092a584,7,True,True,True
621e332267b776a24092a584,8,True,True,True
621e332267b776a24092a584,9,True,True,True
621e332267b776a24092a584,10,True,True,True
621e332267b776a24092a584,11,True,True,True
621e332267b776a24092a584,12,True,True,True
621e332267b776a24092a584,13,True,True,True
621e332267b776a24092a584,14,True,True,True
621e332267b776a24092a584,15,True,True,True
621e332267b776a24092a584,16,True,True,True
621e332267b776a24092a584,17,True,True,True
621e332267b776a24092a584,18,True,True,True
621e332267b776a24092a584,19,True,True,True
621e332267b776a24092a584,20,True,True,True
621e332267b776a24092a584,21,True,True,True
621e332267b776a24092a584,22,True,True,True
621e332267b776a24092a584,23,True,True,True
621e332267b776a24092a584,24,True,True,True
621e332267b776a24092a584,25,True,True,True
621e332267b776a24092a584,26,True,True,True
621e332267b776a24092a584,27,True,True,True
621e332267b776a24092a584,28,True,True,True
621e332267b776a24092a584,29,False,False,True
621e332267b776a24092a584,30,False,False,True
621e332267b776a24092a584,31,False,False,True
621e332267b776a24092a584,32,False,False,True
621e332267b776a24092a584,33,False,False,True
621e332267b776a24092a584,34,False,False,True
621e332267b776a24092a584,35,False,False,True
621e332267b776a24092a584,36,False,False,True
621e332267b776a24092a584,37,False,False,True
621e332267b776a24092a584,38,False,False,True
621e332267b776a24092a584,39,False,False,True
621e332267b776a24092a584,40,False,False,True
621e332267b776a24092a584,41,False,False,True
621e332267b776a24092a584,42,False,False,True
621e332267b776a24092a584,43,False,False,True
621e332267b776a24092a584,44,False,False,True
621e332267b776a24092a584,45,False,False,True
621e332267b776a24092a584,46,False,False,True
621e332267b776a24092a584,47,False,False,True
621e332267b776a24092a584,48,False,False,True
621e333567b776a240a0c217,0,False,False,True
621e333567b776a240a0c217,1,False,False,True
621e333567b776a240a0c217,2,False,False,True
621e333567b776a240a0c217,3,False,False,True
621e333567b776a240a0c217,4,False,False,True
621e333567b776a240a0c217,5,False,False,True
621e333567b776a240a0c217,6,False,False,True
621e333567b776a240a0c217,7,False,False,True
621e333567b776a240a0c217,8,False,False,True
621e333567b776a240a0c217,9,False,False,True
621e333567b776a240a0c217,10,False,False,True
621e333567b776a240a0c217,11,False,False,True
621e333567b776a240a0c217,12,False,False,True
621e333567b776a240a0c217,13,False,False,True
621e333567b776a240a0c217,14,False,False,True
621e333567b776a240a0c217,15,False,False,True
621e333567b776a240a0c217,16,False,False,True
621e333567b776a240a0c217,17,False,False,True
621e333567b776a240a0c217,18,False,False,True
621e333567b776a240a0c217,19,False,False,True
621e333567b776a240a0c217,20,False,False,True
621e333567b776a240a0c217,21,False,False,True
621e333567b776a240a0c217,22,False,False,True
621e333567b776a240a0c217,23,False,False,True
621e333567b776a240a0c217,24,False,False,True
621e333567b776a240a0c217,25,False,False,True
621e333567b776a240a0c217,26,False,False,True
621e333567b776a240a0c217,27,False,False,True
621e333567b776a240a0c217,28,False,False,True
621e333567b776a240a0c217,29,False,False,True
621e333567b776a240a0c217,30,False,False,True
621e333567b776a240a0c217,31,False,False,True
621e333567b776a240a0c217,32,False,False,True
621e333567b776a240a0c217,33,False,False,True
621e333567b776a240a0c217,34,False,False,True
621e333567b776a240a0c217,35,False,False,True
621e333567b776a240a0c217,36,False,False,True
621e333567b776a240a0c217,37,False,False,True
621e333567b776a240a0c217,38,False,False,True
621e333567b776a240a0c217,39,False,False,True
621e333567b776a240a0c217,40,False,False,True
621e333567b776a240a0c217,41,False,False,True
621e333567b776a240a0c217,42,False,False,True
621e333567b776a240a0c217,43,False,False,True
621e333567b776a240a0c217,44,False,False,True
621e333567b776a240a0c217,45,False,False,True
621e333567b776a240a0c217,46,False,False,True
621e333567b776a240a0c217,47,False,False,True
621e333567b776a240a0c217,48,False,False,True
621e333967b776a240a3cd06,0,True,True,True
621e333967b776a240a3cd06,1,True,True,True
621e333967b776a240a3cd06,2,True,False,True
621e333967b776a240a3cd06,3,True,True,True
621e333967b776a240a3cd06,4,True,True,True
621e333967b776a240a3cd06,5,True,True,True
621e333967b776a240a3cd06,6,True,True,True
621e333967b776a240a3cd06,7,True,True,True
621e333967b776a240a3cd06,8,True,True,True
621e333967b776a240a3cd06,9,True,True,True
621e333967b776a240a3cd06,10,True,True,True
621e333967b776a240a3cd06,11,True,True,True
621e333967b776a240a3cd06,12,True,True,True
621e333967b776a240a3cd06,13,True,True,True
621e333967b776a240a3cd06,14,True,True,True
621e333967b776a240a3cd06,15,False,False,True
621e333967b776a240a3cd06,16,False,False,True
621e333967b776a240a3cd06,17,True,False,True
621e333967b776a240a3cd06,18,True,True,True
621e333967b776a240a3cd06,19,True,True,True
621e333967b776a240a3cd06,20,True,True,True
621e333967b776a240a3cd06,21,True,True,True
621e333967b776a240a3cd06,22,True,True,True
621e333967b776a240a3cd06,23,True,True,True
621e333967b776a240a3cd06,24,True,True,True
621e333967b776a240a3cd06,25,True,True,True
621e333967b776a240a3cd06,26,True,True,True
621e333967b776a240a3cd06,27,False,False,True
621e333967b776a240a3cd06,28,True,False,True
621e333967b776a240a3cd06,29,True,True,True
621e333967b776a240a3cd06,30,True,True,True
621e333967b776a240a3cd06,31,True,False,True
621e333967b776a240a3cd06,32,True,True,True
621e333967b776a240a3cd06,33,True,True,True
621e333967b776a240a3cd06,34,False,False,True
621e333967b776a240a3cd06,35,False,False,True
621e333967b776a240a3cd06,36,True,True,True
621e333967b776a240a3cd06,37,True,True,True
621e333967b776a240a3cd06,38,True,True,True
621e333967b776a240a3cd06,39,True,True,True
621e333967b776a240a3cd06,40,False,False,True
621e333967b776a240a3cd06,41,True,False,True
621e333967b776a240a3cd06,42,True,True,True
621e333967b776a240a3cd06,43,True,False,True
621e333967b776a240a3cd06,44,True,False,True
621e333967b776a240a3cd06,45,True,True,True
621e333967b776a240a3cd06,46,True,True,True
621e333967b776a240a3cd06,47,True,True,True
621e333967b776a240a3cd06,48,True,True,True
621e335a67b776a240bb12ff,0,True,True,True
621e335a67b776a240bb12ff,1,True,True,True
621e335a67b776a240bb12ff,2,True,True,True
621e335a67b776a240bb12ff,3,True,True,True
621e335a67b776a240bb12ff,4,True,True,True
621e335a67b776a240bb12ff,5,True,True,True
621e335a67b776a240bb12ff,6,True,True,True
621e335a67b776a240bb12ff,7,True,True,True
621e335a67b776a240bb12ff,8,True,True,True
621e335a67b776a240bb12ff,9,True,True,True
621e335a67b776a240bb12ff,10,True,True,True
621e335a67b776a240bb12ff,11,True,True,True
621e335a67b776a240bb12ff,12,True,True,True
621e335a67b776a240bb12ff,13,True,True,True
621e335a67b776a240bb12ff,14,True,True,True
621e335a67b776a240bb12ff,15,True,True,True
621e335a67b776a240bb12ff,16,True,True,True
621e335a67b776a240bb12ff,17,True,True,True
621e335a67b776a240bb12ff,18,True,True,True
621e335a67b776a240bb12ff,19,True,True,True
621e335a67b776a240bb12ff,20,True,True,True
621e335a67b776a240bb12ff,21,True,True,True
621e335a67b776a240bb12ff,22,True,True,True
621e335a67b776a240bb12ff,23,True,True,True
621e335a67b776a240bb12ff,24,True,True,True
621e335a67b776a240bb12ff,25,True,True,True
621e335a67b776a240bb12ff,26,True,True,True
621e335a67b776a240bb12ff,27,True,True,True
621e335a67b776a240bb12ff,28,True,True,True
621e335a67b776a240bb12ff,29,True,True,True
621e335a67b776a240bb12ff,30,True,True,True
621e335a67b776a240bb12ff,31,True,True,True
621e335a67b776a240bb12ff,32,True,True,True
621e335a67b776a240bb12ff,33,True,False,True
621e335a67b776a240bb12ff,34,True,True,True
621e335a67b776a240bb12ff,35,True,True,True
621e335a67b776a240bb12ff,36,True,True,True
621e335a67b776a240bb12ff,37,True,True,True
621e335a67b776a240bb12ff,38,True,True,True
621e335a67b776a240bb12ff,39,True,True,True
621e335a67b776a240bb12ff,40,True,True,True
621e335a67b776a240bb12ff,41,True,True,True
621e335a67b776a240bb12ff,42,True,True,True
621e335a67b776a240bb12ff,43,True,True,True
621e335a67b776a240bb12ff,44,True,True,True
621e335a67b776a240bb12ff,45,True,True,True
621e335a67b776a240bb12ff,46,True,True,True
621e335a67b776a240bb12ff,47,True,True,True
621e335a67b776a240bb12ff,48,True,True,True
621e337667b776a240ce78ab,0,True,True,True
621e337667b776a240ce78ab,1,True,True,True
621e337667b776a240ce78ab,2,True,True,True
621e337667b776a240ce78ab,3,True,True,True
621e337667b776a240ce78ab,4,True,True,True
621e337667b776a240ce78ab,5,True,True,True
621e337667b776a240ce78ab,6,True,True,True
621e337667b776a240ce78ab,7,True,True,True
621e337667b776a240ce78ab,8,True,True,True
621e337667b776a240ce78ab,9,True,True,True
621e337667b776a240ce78ab,10,True,True,True
621e337667b776a240ce78ab,11,True,True,True
621e337667b776a240ce78ab,12,True,True,True
621e337667b776a240ce78ab,13,True,True,True
621e337667b776a240ce78ab,14,True,True,True
621e337667b776a240ce78ab,15,True,True,True
621e337667b776a240ce78ab,16,True,True,True
621e337667b776a240ce78ab,17,True,True,True
621e337667b776a240ce78ab,18,True,True,True
621e337667b776a240ce78ab,19,True,True,True
621e337667b776a240ce78ab,20,True,True,True
621e337667b776a240ce78ab,21,True,True,True
621e337667b776a240ce78ab,22,True,True,True
621e337667b776a240ce78ab,23,True,True,True
621e337667b776a240ce78ab,24,True,True,True
621e337667b776a240ce78ab,25,True,True,True
621e337667b776a240ce78ab,26,True,True,True
621e337667b776a240ce78ab,27,True,True,True
621e337667b776a240ce78ab,28,True,True,True
621e337667b776a240ce78ab,29,True,True,True
621e337667b776a240ce78ab,30,True,True,True
621e337667b776a240ce78ab,31,True,True,True
621e337667b776a240ce78ab,32,True,True,True
621e337667b776a240ce78ab,33,True,True,True
621e337667b776a240ce78ab,34,True,True,True
621e337667b776a240ce78ab,35,True,True,True
621e337667b776a240ce78ab,36,True,True,True
621e337667b776a240ce78ab,37,True,True,True
621e337667b776a240ce78ab,38,True,True,True
621e337667b776a240ce78ab,39,True,True,True
621e337667b776a240ce78ab,40,True,True,True
621e337667b776a240ce78ab,41,True,True,True
621e337667b776a240ce78ab,42,True,True,True
621e337667b776a240ce78ab,43,True,True,True
621e337667b776a240ce78ab,44,True,True,True
621e337667b776a240ce78ab,45,True,True,True
621e337667b776a240ce78ab,46,True,True,True
621e337667b776a240ce78ab,47,True,True,True
621e337667b776a240ce78ab,48,True,True,True
621e339967b776a240e502de,0,False,False,True
621e339967b776a240e502de,1,False,False,True
621e339967b776a240e502de,2,False,False,True
621e339967b776a240e502de,3,True,True,True
621e339967b776a240e502de,4,True,True,True
621e339967b776a240e502de,5,True,True,True
621e339967b776a240e502de,6,True,True,True
621e339967b776a240e502de,7,True,True,True
621e339967b776a240e502de,8,True,True,True
621e339967b776a240e502de,9,True,True,True
621e339967b776a240e502de,10,True,True,True
621e339967b776a240e502de,11,True,True,True
621e339967b776a240e502de,12,True,True,True
621e339967b776a240e502de,13,True,True,True
621e339967b776a240e502de,14,True,True,True
621e339967b776a240e502de,15,True,True,True
621e339967b776a240e502de,16,True,True,True
621e339967b776a240e502de,17,True,True,True
621e339967b776a240e502de,18,True,True,True
621e339967b776a240e502de,19,True,True,True
621e339967b776a240e502de,20,True,True,True
621e339967b776a240e502de,21,True,True,True
621e339967b776a240e502de,22,True,True,True
621e339967b776a240e502de,23,True,True,True
621e339967b776a240e502de,24,True,True,True
621e339967b776a240e502de,25,True,True,True
621e339967b776a240e502de,26,True,True,True
621e339967b776a240e502de,27,True,True,True
621e339967b776a240e502de,28,True,True,True
621e339967b776a240e502de,29,True,True,True
621e339967b776a240e502de,30,True,True,True
621e339967b776a240e502de,31,True,True,True
621e339967b776a240e502de,32,True,True,True
621e339967b776a240e502de,33,True,True,True
621e339967b776a240e502de,34,True,True,True
621e339967b776a240e502de,35,True,True,True
621e339967b776a240e502de,36,True,True,True
621e339967b776a240e502de,37,True,True,True
621e339967b776a240e502de,38,True,True,True
621e339967b776a240e502de,39,True,True,True
621e339967b776a240e502de,40,True,True,True
621e339967b776a240e502de,41,True,True,True
621e339967b776a240e502de,42,True,True,True
621e339967b776a240e502de,43,True,True,True
621e339967b776a240e502de,44,True,True,True
621e339967b776a240e502de,45,True,True,True
621e339967b776a240e502de,46,True,True,True
621e339967b776a240e502de,47,True,True,True
621e339967b776a240e502de,48,True,True,True
621e33b067b776a240f39e56,0,True,True,True
621e33b067b776a240f39e56,1,True,True,True
621e33b067b776a240f39e56,2,True,True,True
621e33b067b776a240f39e56,3,True,True,True
621e33b067b776a240f39e56,4,True,True,True
621e33b067b776a240f39e56,5,True,True,True
621e33b067b776a240f39e56,6,True,True,True
621e33b067b776a240f39e56,7,True,True,True
621e33b067b776a240f39e56,8,True,True,True
621e33b067b776a240f39e56,9,True,True,True
621e33b067b776a240f39e56,10,True,True,True
621e33b067b776a240f39e56,11,True,True,True
621e33b067b776a240f39e56,12,True,True,True
621e33b067b776a240f39e56,13,True,True,True
621e33b067b776a240f39e56,14,True,True,True
621e33b067b776a240f39e56,15,True,True,True
621e33b067b776a240f39e56,16,True,True,True
621e33b067b776a240f39e56,17,True,True,True
621e33b067b776a240f39e56,18,True,True,True
621e33b067b776a240f39e56,19,True,True,True
621e33b067b776a240f39e56,20,True,True,True
621e33b067b776a240f39e56,21,True,True,True
621e33b067b776a240f39e56,22,True,True,True
621e33b067b776a240f39e56,23,True,True,True
621e33b067b776a240f39e56,24,True,True,True
621e33b067b776a240f39e56,25,True,True,True
621e33b067b776a240f39e56,26,True,True,True
621e33b067b776a240f39e56,27,True,True,True
621e33b067b776a240f39e56,28,True,True,True
621e33b067b776a240f39e56,29,True,True,True
621e33b067b776a240f39e56,30,True,True,True
621e33b067b776a240f39e56,31,True,True,True
621e33b067b776a240f39e56,32,True,True,True
621e33b067b776a240f39e56,33,True,True,True
621e33b067b776a240f39e56,34,True,True,True
621e33b067b776a240f39e56,35,True,True,True
621e33b067b776a240f39e56,36,True,True,True
621e33b067b776a240f39e56,37,True,True,True
621e33b067b776a240f39e56,38,True,True,True
621e33b067b776a240f39e56,39,True,True,True
621e33b067b776a240f39e56,40,True,True,True
621e33b067b776a240f39e56,41,True,True,True
621e33b067b776a240f39e56,42,True,True,True
621e33b067b776a240f39e56,43,True,True,True
621e33b067b776a240f39e56,44,True,True,True
621e33b067b776a240f39e56,45,True,True,True
621e33b067b776a240f39e56,46,True,True,True
621e33b067b776a240f39e56,47,True,True,True
621e33b067b776a240f39e56,48,True,True,True
621e33cf67b776a240087de9,0,True,True,True
621e33cf67b776a240087de9,1,True,True,True
621e33cf67b776a240087de9,2,True,True,True
621e33cf67b776a240087de9,3,True,True,True
621e33cf67b776a240087de9,4,True,True,True
621e33cf67b776a240087de9,5,True,True,True
621e33cf67b776a240087de9,6,True,True,True
621e33cf67b776a240087de9,7,True,True,True
621e33cf67b776a240087de9,8,True,True,True
621e33cf67b776a240087de9,9,True,True,True
621e33cf67b776a240087de9,10,True,True,True
621e33cf67b776a240087de9,11,True,True,True
621e33cf67b776a240087de9,12,True,True,True
621e33cf67b776a240087de9,13,True,True,True
621e33cf67b776a240087de9,14,True,True,True
621e33cf67b776a240087de9,15,True,True,True
621e33cf67b776a240087de9,16,True,True,True
621e33cf67b776a240087de9,17,True,True,True
621e33cf67b776a240087de9,18,True,True,True
621e33cf67b776a240087de9,19,True,True,True
621e33cf67b776a240087de9,20,True,True,True
621e33cf67b776a240087de9,21,True,True,True
621e33cf67b776a240087de9,22,True,True,True
621e33cf67b776a240087de9,23,True,True,True
621e33cf67b776a240087de9,24,True,True,True
621e33cf67b776a240087de9,25,True,True,True
621e33cf67b776a240087de9,26,True,True,True
621e33cf67b776a240087de9,27,True,True,True
621e33cf67b776a240087de9,28,True,True,True
621e33cf67b776a240087de9,29,True,True,True
621e33cf67b776a240087de9,30,True,True,True
621e33cf67b776a240087de9,31,True,True,True
621e33cf67b776a240087de9,32,True,True,True
621e33cf67b776a240087de9,33,True,True,True
621e33cf67b776a240087de9,34,True,True,True
621e33cf67b776a240087de9,35,True,True,True
621e33cf67b776a240087de9,36,True,True,True
621e33cf67b776a240087de9,37,True,True,True
621e33cf67b776a240087de9,38,True,True,True
621e33cf67b776a240087de9,39,True,True,True
621e33cf67b776a240087de9,40,True,True,True
621e33cf67b776a240087de9,41,True,True,True
621e33cf67b776a240087de9,42,True,True,True
621e33cf67b776a240087de9,43,True,True,True
621e33cf67b776a240087de9,44,True,True,True
621e33cf67b776a240087de9,45,True,True,True
621e33cf67b776a240087de9,46,True,True,True
621e33cf67b776a240087de9,47,True,True,True
621e33cf67b776a240087de9,48,True,True,True
621e33ed67b776a2401cf5f7,0,True,True,True
621e33ed67b776a2401cf5f7,1,True,True,True
621e33ed67b776a2401cf5f7,2,True,True,True
621e33ed67b776a2401cf5f7,3,True,True,True
621e33ed67b776a2401cf5f7,4,True,True,True
621e33ed67b776a2401cf5f7,5,True,True,True
621e33ed67b776a2401cf5f7,6,True,True,True
621e33ed67b776a2401cf5f7,7,True,True,True
621e33ed67b776a2401cf5f7,8,True,True,True
621e33ed67b776a2401cf5f7,9,True,True,True
621e33ed67b776a2401cf5f7,10,True,True,True
621e33ed67b776a2401cf5f7,11,True,True,True
621e33ed67b776a2401cf5f7,12,True,True,True
621e33ed67b776a2401cf5f7,13,True,True,True
621e33ed67b776a2401cf5f7,14,True,True,True
621e33ed67b776a2401cf5f7,15,True,True,True
621e33ed67b776a2401cf5f7,16,True,True,True
621e33ed67b776a2401cf5f7,17,True,True,True
621e33ed67b776a2401cf5f7,18,True,True,True
621e33ed67b776a2401cf5f7,19,True,True,True
621e33ed67b776a2401cf5f7,20,True,True,True
621e33ed67b776a2401cf5f7,21,True,True,True
621e33ed67b776a2401cf5f7,22,True,True,True
621e33ed67b776a2401cf5f7,23,True,True,True
621e33ed67b776a2401cf5f7,24,True,True,True
621e33ed67b776a2401cf5f7,25,True,True,True
621e33ed67b776a2401cf5f7,26,True,True,True
621e33ed67b776a2401cf5f7,27,True,True,True
621e33ed67b776a2401cf5f7,28,True,True,True
621e33ed67b776a2401cf5f7,29,True,True,True
621e33ed67b776a2401cf5f7,30,True,True,True
621e33ed67b776a2401cf5f7,31,True,True,True
621e33ed67b776a2401cf5f7,32,True,True,True
621e33ed67b776a2401cf5f7,33,True,True,True
621e33ed67b776a2401cf5f7,34,True,True,True
621e33ed67b776a2401cf5f7,35,True,True,True
621e33ed67b776a2401cf5f7,36,True,True,True
621e33ed67b776a2401cf5f7,37,True,True,True
621e33ed67b776a2401cf5f7,38,True,True,True
621e33ed67b776a2401cf5f7,39,True,True,True
621e33ed67b776a2401cf5f7,40,True,True,True
621e33ed67b776a2401cf5f7,41,True,True,True
621e33ed67b776a2401cf5f7,42,True,True,True
621e33ed67b776a2401cf5f7,43,True,True,True
621e33ed67b776a2401cf5f7,44,True,True,True
621e33ed67b776a2401cf5f7,45,True,True,True
621e33ed67b776a2401cf5f7,46,True,True,True
621e33ed67b776a2401cf5f7,47,True,True,True
621e33ed67b776a2401cf5f7,48,True,True,True
621e340467b776a2402d7982,0,True,True,True
621e340467b776a2402d7982,1,True,True,True
621e340467b776a2402d7982,2,True,True,True
621e340467b776a2402d7982,3,True,True,True
621e340467b776a2402d7982,4,True,True,True
621e340467b776a2402d7982,5,True,True,True
621e340467b776a2402d7982,6,True,True,True
621e340467b776a2402d7982,7,True,True,True
621e340467b776a2402d7982,8,True,True,True
621e340467b776a2402d7982,9,True,True,True
621e340467b776a2402d7982,10,True,True,True
621e340467b776a2402d7982,11,True,True,True
621e340467b776a2402d7982,12,True,True,True
621e340467b776a2402d7982,13,True,True,True
621e340467b776a2402d7982,14,True,True,True
621e340467b776a2402d7982,15,True,True,True
621e340467b776a2402d7982,16,True,True,True
621e340467b776a2402d7982,17,True,True,True
621e340467b776a2402d7982,18,True,True,True
621e340467b776a2402d7982,19,True,True,True
621e340467b776a2402d7982,20,True,True,True
621e340467b776a2402d7982,21,True,True,True
621e340467b776a2402d7982,22,True,True,True
621e340467b776a2402d7982,23,True,True,True
621e340467b776a2402d7982,24,True,True,True
621e340467b776a2402d7982,25,True,True,True
621e340467b776a2402d7982,26,True,True,True
621e340467b776a2402d7982,27,True,True,True
621e340467b776a2402d7982,28,True,True,True
621e340467b776a2402d7982,29,True,True,True
621e340467b776a2402d7982,30,True,True,True
621e340467b776a2402d7982,31,True,True,True
621e340467b776a2402d7982,32,True,True,True
621e340467b776a2402d7982,33,True,True,True
621e340467b776a2402d7982,34,True,False,True
621e340467b776a2402d7982,35,True,True,True
621e340467b776a2402d7982,36,True,True,True
621e340467b776a2402d7982,37,True,True,True
621e340467b776a2402d7982,38,True,True,True
621e340467b776a2402d7982,39,True,True,True
621e340467b776a2402d7982,40,False,False,True
621e340467b776a2402d7982,41,False,False,True
621e340467b776a2402d7982,42,False,False,True
621e340467b776a2402d7982,43,False,False,True
621e340467b776a2402d7982,44,False,False,True
621e340467b776a2402d7982,45,False,False,True
621e340467b776a2402d7982,46,True,False,True
621e340467b776a2402d7982,47,True,False,True
621e340467b776a2402d7982,48,False,False,True
621e341067b776a24037b105,0,True,True,True
621e341067b776a24037b105,1,True,True,True
621e341067b776a24037b105,2,True,True,True
621e341067b776a24037b105,3,True,True,True
621e341067b776a24037b105,4,True,True,True
621e341067b776a24037b105,5,True,True,True
621e341067b776a24037b105,6,True,True,True
621e341067b776a24037b105,7,True,True,True
621e341067b776a24037b105,8,True,True,True
621e341067b776a24037b105,9,True,True,True
621e341067b776a24037b105,10,True,True,True
621e341067b776a24037b105,11,True,True,True
621e341067b776a24037b105,12,True,True,True
621e341067b776a24037b105,13,True,True,True
621e341067b776a24037b105,14,True,True,True
621e341067b776a24037b105,15,True,True,True
621e341067b776a24037b105,16,True,True,True
621e341067b776a24037b105,17,True,True,True
621e341067b776a24037b105,18,True,True,True
621e341067b776a24037b105,19,True,True,True
621e341067b776a24037b105,20,True,True,True
621e341067b776a24037b105,21,True,True,True
621e341067b776a24037b105,22,True,True,True
621e341067b776a24037b105,23,True,True,True
621e341067b776a24037b105,24,True,True,True
621e341067b776a24037b105,25,True,True,True
621e341067b776a24037b105,26,True,True,True
621e341067b776a24037b105,27,True,True,True
621e341067b776a24037b105,28,True,True,True
621e341067b776a24037b105,29,True,True,True
621e341067b776a24037b105,30,True,True,True
621e341067b776a24037b105,31,True,True,True
621e341067b776a24037b105,32,True,True,True
621e341067b776a24037b105,33,True,True,True
621e341067b776a24037b105,34,True,True,True
621e341067b776a24037b105,35,True,True,True
621e341067b776a24037b105,36,True,True,True
621e341067b776a24037b105,37,True,False,True
621e341067b776a24037b105,38,True,True,True
621e341067b776a24037b105,39,True,True,True
621e341067b776a24037b105,40,True,False,True
621e341067b776a24037b105,41,True,True,True
621e341067b776a24037b105,42,True,True,True
621e341067b776a24037b105,43,True,True,True
621e341067b776a24037b105,44,True,True,True
621e341067b776a24037b105,45,False,False,True
621e341067b776a24037b105,46,False,False,True
621e341067b776a24037b105,47,False,False,True
621e341067b776a24037b105,48,False,False,True
621e346f67b776a24081744f,0,True,True,True
621e346f67b776a24081744f,1,True,True,True
621e346f67b776a24081744f,2,True,True,True
621e346f67b776a24081744f,3,True,True,True
621e346f67b776a24081744f,4,True,True,True
621e346f67b776a24081744f,5,True,True,True
621e346f67b776a24081744f,6,True,True,True
621e346f67b776a24081744f,7,True,True,True
621e346f67b776a24081744f,8,True,True,True
621e346f67b776a24081744f,9,True,True,True
621e346f67b776a24081744f,10,True,True,True
621e346f67b776a24081744f,11,True,True,True
621e346f67b776a24081744f,12,True,True,True
621e346f67b776a24081744f,13,True,True,True
621e346f67b776a24081744f,14,True,True,True
621e346f67b776a24081744f,15,True,True,True
621e346f67b776a24081744f,16,True,True,True
621e346f67b776a24081744f,17,True,True,True
621e346f67b776a24081744f,18,True,True,True
621e346f67b776a24081744f,19,True,True,True
621e346f67b776a24081744f,20,True,True,True
621e346f67b776a24081744f,21,True,True,True
621e346f67b776a24081744f,22,True,True,True
621e346f67b776a24081744f,23,True,True,True
621e346f67b776a24081744f,24,True,True,True
621e346f67b776a24081744f,25,True,True,True
621e346f67b776a24081744f,26,True,True,True
621e346f67b776a24081744f,27,True,True,True
621e346f67b776a24081744f,28,True,True,True
621e346f67b776a24081744f,29,True,True,True
621e346f67b776a24081744f,30,True,True,True
621e346f67b776a24081744f,31,True,True,True
621e346f67b776a24081744f,32,True,True,True
621e346f67b776a24081744f,33,True,True,True
621e346f67b776a24081744f,34,True,True,True
621e346f67b776a24081744f,35,True,True,True
621e346f67b776a24081744f,36,True,True,True
621e346f67b776a24081744f,37,True,True,True
621e346f67b776a24081744f,38,True,True,True
621e346f67b776a24081744f,39,True,True,True
621e346f67b776a24081744f,40,True,True,True
621e346f67b776a24081744f,41,True,False,True
621e346f67b776a24081744f,42,True,False,True
621e346f67b776a24081744f,43,True,True,True
621e346f67b776a24081744f,44,True,False,True
621e346f67b776a24081744f,45,True,True,True
621e346f67b776a24081744f,46,True,True,True
621e346f67b776a24081744f,47,True,False,True
621e346f67b776a24081744f,48,True,True,True
621e34ca67b776a240be3b69,0,True,True,True
621e34ca67b776a240be3b69,1,True,True,True
621e34ca67b776a240be3b69,2,True,True,True
621e34ca67b776a240be3b69,3,True,True,True
621e34ca67b776a240be3b69,4,True,True,True
621e34ca67b776a240be3b69,5,True,True,True
621e34ca67b776a240be3b69,6,True,True,True
621e34ca67b776a240be3b69,7,True,True,True
621e34ca67b776a240be3b69,8,True,True,True
621e34ca67b776a240be3b69,9,True,True,True
621e34ca67b776a240be3b69,10,True,True,True
621e34ca67b776a240be3b69,11,True,True,True
621e34ca67b776a240be3b69,12,True,True,True
621e34ca67b776a240be3b69,13,True,True,True
621e34ca67b776a240be3b69,14,True,True,True
621e34ca67b776a240be3b69,15,True,True,True
621e34ca67b776a240be3b69,16,True,False,True
621e34ca67b776a240be3b69,17,False,False,True
621e34ca67b776a240be3b69,18,True,True,True
621e34ca67b776a240be3b69,19,True,True,True
621e34ca67b776a240be3b69,20,True,True,True
621e34ca67b776a240be3b69,21,True,True,True
621e34ca67b776a240be3b69,22,True,True,True
621e34ca67b776a240be3b69,23,True,True,True
621e34ca67b776a240be3b69,24,True,True,True
621e34ca67b776a240be3b69,25,True,True,True
621e34ca67b776a240be3b69,26,False,False,True
621e34ca67b776a240be3b69,27,True,False,True
621e34ca67b776a240be3b69,28,True,True,True
621e34ca67b776a240be3b69,29,True,True,True
621e34ca67b776a240be3b69,30,True,True,True
621e34ca67b776a240be3b69,31,True,True,True
621e34ca67b776a240be3b69,32,True,True,True
621e34ca67b776a240be3b69,33,True,True,True
621e34ca67b776a240be3b69,34,True,True,True
621e34ca67b776a240be3b69,35,True,False,True
621e34ca67b776a240be3b69,36,True,True,True
621e34ca67b776a240be3b69,37,True,True,True
621e34ca67b776a240be3b69,38,True,True,True
621e34ca67b776a240be3b69,39,False,False,True
621e34ca67b776a240be3b69,40,True,False,True
621e34ca67b776a240be3b69,41,True,True,True
621e34ca67b776a240be3b69,42,True,True,True
621e34ca67b776a240be3b69,43,True,True,True
621e34ca67b776a240be3b69,44,True,True,True
621e34ca67b776a240be3b69,45,True,True,True
621e34ca67b776a240be3b69,46,True,True,True
621e34ca67b776a240be3b69,47,True,True,True
621e34ca67b776a240be3b69,48,False,False,True
621e34db67b776a240c9c2be,0,True,True,True
621e34db67b776a240c9c2be,1,True,True,True
621e34db67b776a240c9c2be,2,True,True,True
621e34db67b776a240c9c2be,3,True,True,True
621e34db67b776a240c9c2be,4,True,True,True
621e34db67b776a240c9c2be,5,True,True,True
621e34db67b776a240c9c2be,6,True,True,True
621e34db67b776a240c9c2be,7,True,True,True
621e34db67b776a240c9c2be,8,True,True,True
621e34db67b776a240c9c2be,9,True,True,True
621e34db67b776a240c9c2be,10,True,True,True
621e34db67b776a240c9c2be,11,True,True,True
621e34db67b776a240c9c2be,12,True,True,True
621e34db67b776a240c9c2be,13,True,True,True
621e34db67b776a240c9c2be,14,True,True,True
621e34db67b776a240c9c2be,15,True,True,True
621e34db67b776a240c9c2be,16,True,True,True
621e34db67b776a240c9c2be,17,True,True,True
621e34db67b776a240c9c2be,18,True,True,True
621e34db67b776a240c9c2be,19,True,True,True
621e34db67b776a240c9c2be,20,True,True,True
621e34db67b776a240c9c2be,21,True,False,True
621e34db67b776a240c9c2be,22,True,False,True
621e34db67b776a240c9c2be,23,True,True,True
621e34db67b776a240c9c2be,24,True,True,True
621e34db67b776a240c9c2be,25,True,True,True
621e34db67b776a240c9c2be,26,True,True,True
621e34db67b776a240c9c2be,27,True,True,True
621e34db67b776a240c9c2be,28,True,True,True
621e34db67b776a240c9c2be,29,True,True,True
621e34db67b776a240c9c2be,30,True,True,True
621e34db67b776a240c9c2be,31,False,False,True
621e34db67b776a240c9c2be,32,False,False,True
621e34db67b776a240c9c2be,33,False,False,True
621e34db67b776a240c9c2be,34,False,False,True
621e34db67b776a240c9c2be,35,False,False,True
621e34db67b776a240c9c2be,36,False,False,True
621e34db67b776a240c9c2be,37,False,False,True
621e34db67b776a240c9c2be,38,False,False,True
621e34db67b776a240c9c2be,39,False,False,True
621e34db67b776a240c9c2be,40,False,False,True
621e34db67b776a240c9c2be,41,False,False,True
621e34db67b776a240c9c2be,42,False,False,True
621e34db67b776a240c9c2be,43,False,False,True
621e34db67b776a240c9c2be,44,False,False,True
621e34db67b776a240c9c2be,45,False,False,True
621e34db67b776a240c9c2be,46,False,False,True
621e34db67b776a240c9c2be,47,False,False,True
621e34db67b776a240c9c2be,48,False,False,True
621e34ec67b776a240d60873,0,True,True,True
621e34ec67b776a240d60873,1,True,True,True
621e34ec67b776a240d60873,2,True,True,True
621e34ec67b776a240d60873,3,True,True,True
621e34ec67b776a240d60873,4,True,True,True
621e34ec67b776a240d60873,5,True,True,True
621e34ec67b776a240d60873,6,True,True,True
621e34ec67b776a240d60873,7,True,True,True
621e34ec67b776a240d60873,8,False,False,True
621e34ec67b776a240d60873,9,False,False,True
621e34ec67b776a240d60873,10,True,True,True
621e34ec67b776a240d60873,11,True,True,True
621e34ec67b776a240d60873,12,True,True,True
621e34ec67b776a240d60873,13,True,True,True
621e34ec67b776a240d60873,14,True,True,True
621e34ec67b776a240d60873,15,True,True,True
621e34ec67b776a240d60873,16,False,False,True
621e34ec67b776a240d60873,17,False,False,True
621e34ec67b776a240d60873,18,False,False,True
621e34ec67b776a240d60873,19,False,False,True
621e34ec67b776a240d60873,20,False,False,True
621e34ec67b776a240d60873,21,False,False,True
621e34ec67b776a240d60873,22,False,False,True
621e34ec67b776a240d60873,23,False,False,True
621e34ec67b776a240d60873,24,False,False,True
621e34ec67b776a240d60873,25,True,True,True
621e34ec67b776a240d60873,26,True,True,True
621e34ec67b776a240d60873,27,False,False,True
621e34ec67b776a240d60873,28,False,False,True
621e34ec67b776a240d60873,29,True,False,True
621e34ec67b776a240d60873,30,False,False,True
621e34ec67b776a240d60873,31,False,False,True
621e34ec67b776a240d60873,32,False,False,True
621e34ec67b776a240d60873,33,False,False,True
621e34ec67b776a240d60873,34,False,False,True
621e34ec67b776a240d60873,35,False,False,True
621e34ec67b776a240d60873,36,False,False,True
621e34ec67b776a240d60873,37,False,False,True
621e34ec67b776a240d60873,38,False,False,True
621e34ec67b776a240d60873,39,False,False,True
621e34ec67b776a240d60873,40,False,False,True
621e34ec67b776a240d60873,41,False,False,True
621e34ec67b776a240d60873,42,False,False,True
621e34ec67b776a240d60873,43,False,False,True
621e34ec67b776a240d60873,44,False,False,True
621e34ec67b776a240d60873,45,False,False,True
621e34ec67b776a240d60873,46,False,False,True
621e34ec67b776a240d60873,47,False,False,True
621e34ec67b776a240d60873,48,False,False,True
621e34f767b776a240de4e1a,0,True,True,True
621e34f767b776a240de4e1a,1,True,True,True
621e34f767b776a240de4e1a,2,True,True,True
621e34f767b776a240de4e1a,3,True,True,True
621e34f767b776a240de4e1a,4,True,True,True
621e34f767b776a240de4e1a,5,True,True,True
621e34f767b776a240de4e1a,6,True,True,True
621e34f767b776a240de4e1a,7,True,True,True
621e34f767b776a240de4e1a,8,True,False,True
621e34f767b776a240de4e1a,9,True,False,True
621e34f767b776a240de4e1a,10,True,True,True
621e34f767b776a240de4e1a,11,True,True,True
621e34f767b776a240de4e1a,12,False,False,True
621e34f767b776a240de4e1a,13,True,True,True
621e34f767b776a240de4e1a,14,True,True,True
621e34f767b776a240de4e1a,15,True,True,True
621e34f767b776a240de4e1a,16,True,True,True
621e34f767b776a240de4e1a,17,True,True,True
621e34f767b776a240de4e1a,18,True,True,True
621e34f767b776a240de4e1a,19,True,True,True
621e34f767b776a240de4e1a,20,True,True,True
621e34f767b776a240de4e1a,21,True,True,True
621e34f767b776a240de4e1a,22,True,False,True
621e34f767b776a240de4e1a,23,True,False,True
621e34f767b776a240de4e1a,24,False,False,True
621e34f767b776a240de4e1a,25,True,True,True
621e34f767b776a240de4e1a,26,True,True,True
621e34f767b776a240de4e1a,27,True,False,True
621e34f767b776a240de4e1a,28,True,True,True
621e34f767b776a240de4e1a,29,True,True,True
621e34f767b776a240de4e1a,30,True,True,True
621e34f767b776a240de4e1a,31,True,False,True
621e34f767b776a240de4e1a,32,True,True,True
621e34f767b776a240de4e1a,33,False,False,True
621e34f767b776a240de4e1a,34,True,True,True
621e34f767b776a240de4e1a,35,True,True,True
621e34f767b776a240de4e1a,36,True,True,True
621e34f767b776a240de4e1a,37,True,True,True
621e34f767b776a240de4e1a,38,True,True,True
621e34f767b776a240de4e1a,39,True,False,True
621e34f767b776a240de4e1a,40,True,False,True
621e34f767b776a240de4e1a,41,True,True,True
621e34f767b776a240de4e1a,42,True,True,True
621e34f767b776a240de4e1a,43,True,False,True
621e34f767b776a240de4e1a,44,True,False,True
621e34f767b776a240de4e1a,45,True,False,True
621e34f767b776a240de4e1a,46,True,False,True
621e34f767b776a240de4e1a,47,False,False,True
621e34f767b776a240de4e1a,48,True,True,True
621e34ff67b776a240e446d6,0,True,True,True
621e34ff67b776a240e446d6,1,True,True,True
621e34ff67b776a240e446d6,2,True,True,True
621e34ff67b776a240e446d6,3,True,True,True
621e34ff67b776a240e446d6,4,True,True,True
621e34ff67b776a240e446d6,5,True,True,True
621e34ff67b776a240e446d6,6,True,True,True
621e34ff67b776a240e446d6,7,True,True,True
621e34ff67b776a240e446d6,8,True,True,True
621e34ff67b776a240e446d6,9,True,True,True
621e34ff67b776a240e446d6,10,True,True,True
621e34ff67b776a240e446d6,11,True,True,True
621e34ff67b776a240e446d6,12,True,True,True
621e34ff67b776a240e446d6,13,True,True,True
621e34ff67b776a240e446d6,14,True,True,True
621e34ff67b776a240e446d6,15,True,True,True
621e34ff67b776a240e446d6,16,True,True,True
621e34ff67b776a240e446d6,17,True,True,True
621e34ff67b776a240e446d6,18,True,True,True
621e34ff67b776a240e446d6,19,True,True,True
621e34ff67b776a240e446d6,20,True,True,True
621e34ff67b776a240e446d6,21,True,True,True
621e34ff67b776a240e446d6,22,True,True,True
621e34ff67b776a240e446d6,23,True,True,True
621e34ff67b776a240e446d6,24,True,True,True
621e34ff67b776a240e446d6,25,True,True,True
621e34ff67b776a240e446d6,26,True,True,True
621e34ff67b776a240e446d6,27,True,True,True
621e34ff67b776a240e446d6,28,True,True,True
621e34ff67b776a240e446d6,29,True,True,True
621e34ff67b776a240e446d6,30,True,True,True
621e34ff67b776a240e446d6,31,True,True,True
621e34ff67b776a240e446d6,32,True,True,True
621e34ff67b776a240e446d6,33,True,True,True
621e34ff67b776a240e446d6,34,True,True,True
621e34ff67b776a240e446d6,35,True,True,True
621e34ff67b776a240e446d6,36,True,True,True
621e34ff67b776a240e446d6,37,True,True,True
621e34ff67b776a240e446d6,38,True,True,True
621e34ff67b776a240e446d6,39,True,True,True
621e34ff67b776a240e446d6,40,True,True,True
621e34ff67b776a240e446d6,41,True,True,True
621e34ff67b776a240e446d6,42,True,True,True
621e34ff67b776a240e446d6,43,True,True,True
621e34ff67b776a240e446d6,44,True,True,True
621e34ff67b776a240e446d6,45,True,True,True
621e34ff67b776a240e446d6,46,True,True,True
621e34ff67b776a240e446d6,47,True,True,True
621e34ff67b776a240e446d6,48,True,True,True
621e351a67b776a240f6204b,0,True,True,True
621e351a67b776a240f6204b,1,True,True,True
621e351a67b776a240f6204b,2,True,True,True
621e351a67b776a240f6204b,3,True,True,True
621e351a67b776a240f6204b,4,True,True,True
621e351a67b776a240f6204b,5,True,False,True
621e351a67b776a240f6204b,6,True,True,True
621e351a67b776a240f6204b,7,True,True,True
621e351a67b776a240f6204b,8,True,True,True
621e351a67b776a240f6204b,9,True,True,True
621e351a67b776a240f6204b,10,True,True,True
621e351a67b776a240f6204b,11,True,True,True
621e351a67b776a240f6204b,12,True,True,True
621e351a67b776a240f6204b,13,True,True,True
621e351a67b776a240f6204b,14,True,True,True
621e351a67b776a240f6204b,15,True,True,True
621e351a67b776a240f6204b,16,True,True,True
621e351a67b776a240f6204b,17,True,True,True
621e351a67b776a240f6204b,18,True,True,True
621e351a67b776a240f6204b,19,True,True,True
621e351a67b776a240f6204b,20,True,True,True
621e351a67b776a240f6204b,21,True,True,True
621e351a67b776a240f6204b,22,True,True,True
621e351a67b776a240f6204b,23,True,True,True
621e351a67b776a240f6204b,24,True,True,True
621e351a67b776a240f6204b,25,True,False,True
621e351a67b776a240f6204b,26,True,True,True
621e351a67b776a240f6204b,27,True,True,True
621e351a67b776a240f6204b,28,True,True,True
621e351a67b776a240f6204b,29,True,True,True
621e351a67b776a240f6204b,30,True,True,True
621e351a67b776a240f6204b,31,True,True,True
621e351a67b776a240f6204b,32,True,True,True
621e351a67b776a240f6204b,33,True,True,True
621e351a67b776a240f6204b,34,True,True,True
621e351a67b776a240f6204b,35,True,True,True
621e351a67b776a240f6204b,36,True,True,True
621e351a67b776a240f6204b,37,True,True,True
621e351a67b776a240f6204b,38,True,True,True
621e351a67b776a240f6204b,39,True,True,True
621e351a67b776a240f6204b,40,True,True,True
621e351a67b776a240f6204b,41,True,True,True
621e351a67b776a240f6204b,42,True,True,True
621e351a67b776a240f6204b,43,True,True,True
621e351a67b776a240f6204b,44,True,True,True
621e351a67b776a240f6204b,45,True,True,True
621e351a67b776a240f6204b,46,True,True,True
621e351a67b776a240f6204b,47,True,True,True
621e351a67b776a240f6204b,48,True,True,True
621e356967b776a24027bd9f,0,True,True,True
621e356967b776a24027bd9f,1,True,True,True
621e356967b776a24027bd9f,2,True,True,True
621e356967b776a24027bd9f,3,True,True,True
621e356967b776a24027bd9f,4,True,True,True
621e356967b776a24027bd9f,5,True,True,True
621e356967b776a24027bd9f,6,True,True,True
621e356967b776a24027bd9f,7,True,True,True
621e356967b776a24027bd9f,8,True,True,True
621e356967b776a24027bd9f,9,True,True,True
621e356967b776a24027bd9f,10,True,True,True
621e356967b776a24027bd9f,11,True,True,True
621e356967b776a24027bd9f,12,True,True,True
621e356967b776a24027bd9f,13,True,True,True
621e356967b776a24027bd9f,14,True,True,True
621e356967b776a24027bd9f,15,True,True,True
621e356967b776a24027bd9f,16,True,True,True
621e356967b776a24027bd9f,17,True,True,True
621e356967b776a24027bd9f,18,True,True,True
621e356967b776a24027bd9f,19,True,True,True
621e356967b776a24027bd9f,20,True,True,True
621e356967b776a24027bd9f,21,True,True,True
621e356967b776a24027bd9f,22,True,True,True
621e356967b776a24027bd9f,23,True,True,True
621e356967b776a24027bd9f,24,True,True,True
621e356967b776a24027bd9f,25,True,True,True
621e356967b776a24027bd9f,26,True,True,True
621e356967b776a24027bd9f,27,True,True,True
621e356967b776a24027bd9f,28,True,True,True
621e356967b776a24027bd9f,29,True,True,True
621e356967b776a24027bd9f,30,True,True,True
621e356967b776a24027bd9f,31,True,True,True
621e356967b776a24027bd9f,32,True,True,True
621e356967b776a24027bd9f,33,True,True,True
621e356967b776a24027bd9f,34,True,True,True
621e356967b776a24027bd9f,35,True,True,True
621e356967b776a24027bd9f,36,True,True,True
621e356967b776a24027bd9f,37,True,True,True
621e356967b776a24027bd9f,38,True,True,True
621e356967b776a24027bd9f,39,True,True,True
621e356967b776a24027bd9f,40,True,True,True
621e356967b776a24027bd9f,41,True,True,True
621e356967b776a24027bd9f,42,True,True,True
621e356967b776a24027bd9f,43,True,True,True
621e356967b776a24027bd9f,44,True,True,True
621e356967b776a24027bd9f,45,True,True,True
621e356967b776a24027bd9f,46,True,True,True
621e356967b776a24027bd9f,47,True,True,True
621e356967b776a24027bd9f,48,True,True,True
621e362467b776a2404ad513,0,False,False,False
621e362467b776a2404ad513,1,False,False,True
621e362467b776a2404ad513,2,False,False,True
621e362467b776a2404ad513,3,False,False,True
621e362467b776a2404ad513,4,False,False,False
621e362467b776a2404ad513,5,False,False,True
621e362467b776a2404ad513,6,False,False,True
621e362467b776a2404ad513,7,False,False,False
621e362467b776a2404ad513,8,False,False,False
621e362467b776a2404ad513,9,False,False,True
621e362467b776a2404ad513,10,False,False,True
621e362467b776a2404ad513,11,False,False,False
621e362467b776a2404ad513,12,False,False,True
621e362467b776a2404ad513,13,False,False,True
621e362467b776a2404ad513,14,False,False,True
621e362467b776a2404ad513,15,False,False,True
621e362467b776a2404ad513,16,False,False,True
621e362467b776a2404ad513,17,False,False,True
621e362467b776a2404ad513,18,False,False,True
621e362467b776a2404ad513,19,False,False,True
621e362467b776a2404ad513,20,False,False,True
621e362467b776a2404ad513,21,False,False,True
621e362467b776a2404ad513,22,False,False,True
621e362467b776a2404ad513,23,False,False,False
621e362467b776a2404ad513,24,False,False,False
621e362467b776a2404ad513,25,False,False,False
621e362467b776a2404ad513,26,False,False,False
621e362467b776a2404ad513,27,False,False,True
621e362467b776a2404ad513,28,False,False,True
621e362467b776a2404ad513,29,False,False,True
621e362467b776a2404ad513,30,False,False,False
621e362467b776a2404ad513,31,False,False,True
621e362467b776a2404ad513,32,False,False,True
621e362467b776a2404ad513,33,False,False,True
621e362467b776a2404ad513,34,False,False,True
621e362467b776a2404ad513,35,False,False,True
621e362467b776a2404ad513,36,False,False,True
621e362467b776a2404ad513,37,False,False,False
621e362467b776a2404ad513,38,False,False,False
621e362467b776a2404ad513,39,False,False,False
621e362467b776a2404ad513,40,False,False,True
621e362467b776a2404ad513,41,False,False,True
621e362467b776a2404ad513,42,False,False,True
621e362467b776a2404ad513,43,False,False,True
621e362467b776a2404ad513,44,False,False,False
621e362467b776a2404ad513,45,False,False,True
621e362467b776a2404ad513,46,False,False,True
621e362467b776a2404ad513,47,True,True,True
621e362467b776a2404ad513,48,True,True,True
621e366567b776a24076a727,0,True,True,True
621e366567b776a24076a727,1,True,True,True
621e366567b776a24076a727,2,True,True,True
621e366567b776a24076a727,3,True,True,True
621e366567b776a24076a727,4,True,True,True
621e366567b776a24076a727,5,True,True,True
621e366567b776a24076a727,6,True,True,True
621e366567b776a24076a727,7,True,True,True
621e366567b776a24076a727,8,True,True,True
621e366567b776a24076a727,9,True,True,True
621e366567b776a24076a727,10,True,True,True
621e366567b776a24076a727,11,True,True,True
621e366567b776a24076a727,12,True,True,True
621e366567b776a24076a727,13,True,True,True
621e366567b776a24076a727,14,True,True,True
621e366567b776a24076a727,15,True,True,True
621e366567b776a24076a727,16,True,True,True
621e366567b776a24076a727,17,True,True,True
621e366567b776a24076a727,18,True,True,True
621e366567b776a24076a727,19,True,True,True
621e366567b776a24076a727,20,True,True,True
621e366567b776a24076a727,21,True,True,True
621e366567b776a24076a727,22,True,True,True
621e366567b776a24076a727,23,True,True,True
621e366567b776a24076a727,24,True,True,True
621e366567b776a24076a727,25,True,True,True
621e366567b776a24076a727,26,True,True,True
621e366567b776a24076a727,27,True,True,True
621e366567b776a24076a727,28,True,True,True
621e366567b776a24076a727,29,True,True,True
621e366567b776a24076a727,30,True,True,True
621e366567b776a24076a727,31,True,True,True
621e366567b776a24076a727,32,True,True,True
621e366567b776a24076a727,33,True,True,True
621e366567b776a24076a727,34,True,True,True
621e366567b776a24076a727,35,True,True,True
621e366567b776a24076a727,36,True,True,True
621e366567b776a24076a727,37,True,True,True
621e366567b776a24076a727,38,True,True,True
621e366567b776a24076a727,39,True,True,True
621e366567b776a24076a727,40,True,True,True
621e366567b776a24076a727,41,True,True,True
621e366567b776a24076a727,42,True,True,True
621e366567b776a24076a727,43,True,True,True
621e366567b776a24076a727,44,True,True,True
621e366567b776a24076a727,45,True,True,True
621e366567b776a24076a727,46,True,True,True
621e366567b776a24076a727,47,True,True,True
621e366567b776a24076a727,48,True,True,True
621e367e67b776a24087d75d,0,True,True,True
621e367e67b776a24087d75d,1,True,True,True
621e367e67b776a24087d75d,2,True,True,True
621e367e67b776a24087d75d,3,True,True,True
621e367e67b776a24087d75d,4,True,True,True
621e367e67b776a24087d75d,5,True,True,True
621e367e67b776a24087d75d,6,True,True,True
621e367e67b776a24087d75d,7,True,True,True
621e367e67b776a24087d75d,8,True,True,True
621e367e67b776a24087d75d,9,True,True,True
621e367e67b776a24087d75d,10,False,False,True
621e367e67b776a24087d75d,11,False,False,True
621e367e67b776a24087d75d,12,False,False,True
621e367e67b776a24087d75d,13,False,False,True
621e367e67b776a24087d75d,14,False,False,True
621e367e67b776a24087d75d,15,False,False,True
621e367e67b776a24087d75d,16,False,False,True
621e367e67b776a24087d75d,17,False,False,True
621e367e67b776a24087d75d,18,False,False,True
621e367e67b776a24087d75d,19,False,False,True
621e367e67b776a24087d75d,20,False,False,True
621e367e67b776a24087d75d,21,False,False,True
621e367e67b776a24087d75d,22,False,False,True
621e367e67b776a24087d75d,23,False,False,True
621e367e67b776a24087d75d,24,False,False,True
621e367e67b776a24087d75d,25,True,False,True
621e367e67b776a24087d75d,26,True,True,True
621e367e67b776a24087d75d,27,True,True,True
621e367e67b776a24087d75d,28,True,True,True
621e367e67b776a24087d75d,29,True,True,True
621e367e67b776a24087d75d,30,True,False,True
621e367e67b776a24087d75d,31,True,True,True
621e367e67b776a24087d75d,32,True,True,True
621e367e67b776a24087d75d,33,True,True,True
621e367e67b776a24087d75d,34,True,True,True
621e367e67b776a24087d75d,35,True,True,True
621e367e67b776a24087d75d,36,True,True,True
621e367e67b776a24087d75d,37,True,True,True
621e367e67b776a24087d75d,38,False,False,True
621e367e67b776a24087d75d,39,False,False,True
621e367e67b776a24087d75d,40,False,False,True
621e367e67b776a24087d75d,41,False,False,True
621e367e67b776a24087d75d,42,False,False,True
621e367e67b776a24087d75d,43,True,False,True
621e367e67b776a24087d75d,44,True,False,True
621e367e67b776a24087d75d,45,True,True,True
621e367e67b776a24087d75d,46,True,True,True
621e367e67b776a24087d75d,47,True,True,True
621e367e67b776a24087d75d,48,True,True,True
621e36bb67b776a240b40d64,0,True,False,True
621e36bb67b776a240b40d64,1,False,False,True
621e36bb67b776a240b40d64,2,False,False,True
621e36bb67b776a240b40d64,3,False,False,True
621e36bb67b776a240b40d64,4,False,False,True
621e36bb67b776a240b40d64,5,False,False,True
621e36bb67b776a240b40d64,6,False,False,True
621e36bb67b776a240b40d64,7,False,False,True
621e36bb67b776a240b40d64,8,False,False,True
621e36bb67b776a240b40d64,9,False,False,True
621e36bb67b776a240b40d64,10,False,False,True
621e36bb67b776a240b40d64,11,True,False,True
621e36bb67b776a240b40d64,12,True,True,True
621e36bb67b776a240b40d64,13,True,True,True
621e36bb67b776a240b40d64,14,True,True,True
621e36bb67b776a240b40d64,15,True,False,True
621e36bb67b776a240b40d64,16,True,True,True
621e36bb67b776a240b40d64,17,True,False,True
621e36bb67b776a240b40d64,18,True,True,True
621e36bb67b776a240b40d64,19,True,False,True
621e36bb67b776a240b40d64,20,True,False,True
621e36bb67b776a240b40d64,21,True,False,True
621e36bb67b776a240b40d64,22,True,False,True
621e36bb67b776a240b40d64,23,True,False,True
621e36bb67b776a240b40d64,24,True,False,True
621e36bb67b776a240b40d64,25,True,False,True
621e36bb67b776a240b40d64,26,True,True,True
621e36bb67b776a240b40d64,27,True,False,True
621e36bb67b776a240b40d64,28,True,True,True
621e36bb67b776a240b40d64,29,True,False,True
621e36bb67b776a240b40d64,30,True,True,True
621e36bb67b776a240b40d64,31,True,False,True
621e36bb67b776a240b40d64,32,True,True,True
621e36bb67b776a240b40d64,33,True,False,True
621e36bb67b776a240b40d64,34,True,False,True
621e36bb67b776a240b40d64,35,True,False,True
621e36bb67b776a240b40d64,36,True,True,True
621e36bb67b776a240b40d64,37,True,True,True
621e36bb67b776a240b40d64,38,True,True,True
621e36bb67b776a240b40d64,39,True,False,True
621e36bb67b776a240b40d64,40,False,False,True
621e36bb67b776a240b40d64,41,False,False,True
621e36bb67b776a240b40d64,42,False,False,True
621e36bb67b776a240b40d64,43,False,False,True
621e36bb67b776a240b40d64,44,False,False,True
621e36bb67b776a240b40d64,45,False,False,True
621e36bb67b776a240b40d64,46,False,False,True
621e36bb67b776a240b40d64,47,False,False,True
621e36bb67b776a240b40d64,48,False,False,True
621e36c267b776a240ba2756,0,True,True,True
621e36c267b776a240ba2756,1,True,True,True
621e36c267b776a240ba2756,2,True,True,True
621e36c267b776a240ba2756,3,True,True,True
621e36c267b776a240ba2756,4,True,True,True
621e36c267b776a240ba2756,5,True,True,True
621e36c267b776a240ba2756,6,True,True,True
621e36c267b776a240ba2756,7,True,True,True
621e36c267b776a240ba2756,8,True,False,True
621e36c267b776a240ba2756,9,True,True,True
621e36c267b776a240ba2756,10,True,True,True
621e36c267b776a240ba2756,11,True,True,True
621e36c267b776a240ba2756,12,True,True,True
621e36c267b776a240ba2756,13,True,True,True
621e36c267b776a240ba2756,14,True,True,True
621e36c267b776a240ba2756,15,True,True,True
621e36c267b776a240ba2756,16,True,True,True
621e36c267b776a240ba2756,17,True,True,True
621e36c267b776a240ba2756,18,True,True,True
621e36c267b776a240ba2756,19,True,True,True
621e36c267b776a240ba2756,20,True,True,True
621e36c267b776a240ba2756,21,True,True,True
621e36c267b776a240ba2756,22,True,True,True
621e36c267b776a240ba2756,23,True,True,True
621e36c267b776a240ba2756,24,True,True,True
621e36c267b776a240ba2756,25,True,True,True
621e36c267b776a240ba2756,26,True,True,True
621e36c267b776a240ba2756,27,True,True,True
621e36c267b776a240ba2756,28,True,True,True
621e36c267b776a240ba2756,29,True,True,True
621e36c267b776a240ba2756,30,True,True,True
621e36c267b776a240ba2756,31,True,True,True
621e36c267b776a240ba2756,32,True,True,True
621e36c267b776a240ba2756,33,True,True,True
621e36c267b776a240ba2756,34,True,True,True
621e36c267b776a240ba2756,35,True,True,True
621e36c267b776a240ba2756,36,True,True,True
621e36c267b776a240ba2756,37,True,True,True
621e36c267b776a240ba2756,38,True,True,True
621e36c267b776a240ba2756,39,True,True,True
621e36c267b776a240ba2756,40,True,True,True
621e36c267b776a240ba2756,41,True,False,True
621e36c267b776a240ba2756,42,True,True,True
621e36c267b776a240ba2756,43,True,False,True
621e36c267b776a240ba2756,44,True,True,True
621e36c267b776a240ba2756,45,True,True,True
621e36c267b776a240ba2756,46,True,True,True
621e36c267b776a240ba2756,47,True,True,True
621e36c267b776a240ba2756,48,True,True,True
621e36dd67b776a240ce9a45,0,True,True,True
621e36dd67b776a240ce9a45,1,True,True,True
621e36dd67b776a240ce9a45,2,True,True,True
621e36dd67b776a240ce9a45,3,True,True,True
621e36dd67b776a240ce9a45,4,True,True,True
621e36dd67b776a240ce9a45,5,True,True,True
621e36dd67b776a240ce9a45,6,True,True,True
621e36dd67b776a240ce9a45,7,True,True,True
621e36dd67b776a240ce9a45,8,True,True,True
621e36dd67b776a240ce9a45,9,True,True,True
621e36dd67b776a240ce9a45,10,True,True,True
621e36dd67b776a240ce9a45,11,True,True,True
621e36dd67b776a240ce9a45,12,True,True,True
621e36dd67b776a240ce9a45,13,True,True,True
621e36dd67b776a240ce9a45,14,True,True,True
621e36dd67b776a240ce9a45,15,True,True,True
621e36dd67b776a240ce9a45,16,True,True,True
621e36dd67b776a240ce9a45,17,True,True,True
621e36dd67b776a240ce9a45,18,True,True,True
621e36dd67b776a240ce9a45,19,True,True,True
621e36dd67b776a240ce9a45,20,True,True,True
621e36dd67b776a240ce9a45,21,True,True,True
621e36dd67b776a240ce9a45,22,True,True,True
621e36dd67b776a240ce9a45,23,True,True,True
621e36dd67b776a240ce9a45,24,True,True,True
621e36dd67b776a240ce9a45,25,True,True,True
621e36dd67b776a240ce9a45,26,True,True,True
621e36dd67b776a240ce9a45,27,True,True,True
621e36dd67b776a240ce9a45,28,True,True,True
621e36dd67b776a240ce9a45,29,True,True,True
621e36dd67b776a240ce9a45,30,True,True,True
621e36dd67b776a240ce9a45,31,True,False,True
621e36dd67b776a240ce9a45,32,False,False,True
621e36dd67b776a240ce9a45,33,False,False,True
621e36dd67b776a240ce9a45,34,False,False,True
621e36dd67b776a240ce9a45,35,False,False,True
621e36dd67b776a240ce9a45,36,False,False,True
621e36dd67b776a240ce9a45,37,False,False,True
621e36dd67b776a240ce9a45,38,False,False,True
621e36dd67b776a240ce9a45,39,False,False,True
621e36dd67b776a240ce9a45,40,False,False,True
621e36dd67b776a240ce9a45,41,False,False,True
621e36dd67b776a240ce9a45,42,False,False,True
621e36dd67b776a240ce9a45,43,False,False,True
621e36dd67b776a240ce9a45,44,False,False,True
621e36dd67b776a240ce9a45,45,False,False,True
621e36dd67b776a240ce9a45,46,False,False,True
621e36dd67b776a240ce9a45,47,False,False,True
621e36dd67b776a240ce9a45,48,False,False,True
621e36f967b776a240e5e7c9,0,False,False,True
621e36f967b776a240e5e7c9,1,False,False,False
621e36f967b776a240e5e7c9,2,False,False,False
621e36f967b776a240e5e7c9,3,False,False,False
621e36f967b776a240e5e7c9,4,False,False,False
621e36f967b776a240e5e7c9,5,False,False,True
621e36f967b776a240e5e7c9,6,False,False,True
621e36f967b776a240e5e7c9,7,False,False,True
621e36f967b776a240e5e7c9,8,False,False,True
621e36f967b776a240e5e7c9,9,False,False,True
621e36f967b776a240e5e7c9,10,False,False,True
621e36f967b776a240e5e7c9,11,False,False,True
621e36f967b776a240e5e7c9,12,False,False,True
621e36f967b776a240e5e7c9,13,False,False,True
621e36f967b776a240e5e7c9,14,False,False,True
621e36f967b776a240e5e7c9,15,False,False,True
621e36f967b776a240e5e7c9,16,False,False,True
621e36f967b776a240e5e7c9,17,False,False,True
621e36f967b776a240e5e7c9,18,False,False,True
621e36f967b776a240e5e7c9,19,False,False,True
621e36f967b776a240e5e7c9,20,False,False,True
621e36f967b776a240e5e7c9,21,False,False,True
621e36f967b776a240e5e7c9,22,False,False,True
621e36f967b776a240e5e7c9,23,False,False,True
621e36f967b776a240e5e7c9,24,False,False,True
621e36f967b776a240e5e7c9,25,False,False,True
621e36f967b776a240e5e7c9,26,True,True,True
621e36f967b776a240e5e7c9,27,True,True,True
621e36f967b776a240e5e7c9,28,True,True,True
621e36f967b776a240e5e7c9,29,True,True,True
621e36f967b776a240e5e7c9,30,True,True,True
621e36f967b776a240e5e7c9,31,True,True,True
621e36f967b776a240e5e7c9,32,True,True,True
621e36f967b776a240e5e7c9,33,True,True,True
621e36f967b776a240e5e7c9,34,True,True,True
621e36f967b776a240e5e7c9,35,True,True,True
621e36f967b776a240e5e7c9,36,True,True,True
621e36f967b776a240e5e7c9,37,True,True,True
621e36f967b776a240e5e7c9,38,True,True,True
621e36f967b776a240e5e7c9,39,True,True,True
621e36f967b776a240e5e7c9,40,True,True,True
621e36f967b776a240e5e7c9,41,True,True,True
621e36f967b776a240e5e7c9,42,True,True,True
621e36f967b776a240e5e7c9,43,True,True,True
621e36f967b776a240e5e7c9,44,True,True,True
621e36f967b776a240e5e7c9,45,True,True,True
621e36f967b776a240e5e7c9,46,True,True,True
621e36f967b776a240e5e7c9,47,True,True,True
621e36f967b776a240e5e7c9,48,True,True,True
621e375b67b776a240290cdc,0,True,True,True
621e375b67b776a240290cdc,1,True,True,True
621e375b67b776a240290cdc,2,True,True,True
621e375b67b776a240290cdc,3,True,True,True
621e375b67b776a240290cdc,4,True,True,True
621e375b67b776a240290cdc,5,True,True,True
621e375b67b776a240290cdc,6,True,True,True
621e375b67b776a240290cdc,7,True,True,True
621e375b67b776a240290cdc,8,True,True,True
621e375b67b776a240290cdc,9,True,True,True
621e375b67b776a240290cdc,10,True,True,True
621e375b67b776a240290cdc,11,True,True,True
621e375b67b776a240290cdc,12,True,True,True
621e375b67b776a240290cdc,13,True,True,True
621e375b67b776a240290cdc,14,True,True,True
621e375b67b776a240290cdc,15,True,True,True
621e375b67b776a240290cdc,16,True,True,True
621e375b67b776a240290cdc,17,True,True,True
621e375b67b776a240290cdc,18,True,True,True
621e375b67b776a240290cdc,19,True,True,True
621e375b67b776a240290cdc,20,True,True,True
621e375b67b776a240290cdc,21,True,True,True
621e375b67b776a240290cdc,22,True,True,True
621e375b67b776a240290cdc,23,True,True,True
621e375b67b776a240290cdc,24,True,True,True
621e375b67b776a240290cdc,25,True,True,True
621e375b67b776a240290cdc,26,True,True,True
621e375b67b776a240290cdc,27,True,True,True
621e375b67b776a240290cdc,28,True,True,True
621e375b67b776a240290cdc,29,True,True,True
621e375b67b776a240290cdc,30,True,True,True
621e375b67b776a240290cdc,31,True,True,True
621e375b67b776a240290cdc,32,True,True,True
621e375b67b776a240290cdc,33,True,True,True
621e375b67b776a240290cdc,34,True,True,True
621e375b67b776a240290cdc,35,True,True,True
621e375b67b776a240290cdc,36,True,True,True
621e375b67b776a240290cdc,37,True,True,True
621e375b67b776a240290cdc,38,True,True,True
621e375b67b776a240290cdc,39,True,True,True
621e375b67b776a240290cdc,40,True,True,True
621e375b67b776a240290cdc,41,True,True,True
621e375b67b776a240290cdc,42,True,True,True
621e375b67b776a240290cdc,43,True,True,True
621e375b67b776a240290cdc,44,True,True,True
621e375b67b776a240290cdc,45,True,True,True
621e375b67b776a240290cdc,46,True,True,True
621e375b67b776a240290cdc,47,True,True,True
621e375b67b776a240290cdc,48,True,True,True
